date,hedge_ratio,intercept,adf_stat,p_value,cointegrated
2020-01-02,0.7921,1.5519,-2.1396,0.2289,False
2020-01-03,0.792,1.5524,-2.1456,0.2266,False
2020-01-06,0.7918,1.5529,-2.1485,0.2255,False
2020-01-07,0.7917,1.5535,-2.1354,0.2305,False
2020-01-08,0.7913,1.5549,-2.1474,0.2259,False
2020-01-09,0.7916,1.5536,-2.1571,0.2222,False
2020-01-10,0.7919,1.5522,-2.153,0.2237,False
2020-01-13,0.792,1.5517,-2.1551,0.2229,False
2020-01-14,0.7922,1.5506,-2.1247,0.2347,False
2020-01-15,0.7925,1.5496,-2.126,0.2342,False
2020-01-16,0.7934,1.5457,-2.101,0.2441,False
2020-01-17,0.7942,1.5422,-2.1154,0.2384,False
2020-01-21,0.7953,1.5373,-2.1064,0.2419,False
2020-01-22,0.7962,1.5333,-2.123,0.2354,False
2020-01-23,0.7971,1.5292,-2.1294,0.2329,False
2020-01-24,0.7983,1.5241,-2.1051,0.2425,False
2020-01-27,0.7993,1.5195,-2.1088,0.241,False
2020-01-28,0.8005,1.5144,-2.105,0.2425,False
2020-01-29,0.8018,1.5087,-2.1001,0.2445,False
2020-01-30,0.803,1.5032,-2.1074,0.2416,False
2020-01-31,0.8041,1.4984,-2.1023,0.2436,False
2020-02-03,0.8055,1.4924,-2.0778,0.2535,False
2020-02-04,0.8069,1.4861,-2.0984,0.2451,False
2020-02-05,0.8082,1.4803,-2.1868,0.2111,False
2020-02-06,0.8092,1.476,-2.0938,0.247,False
2020-02-07,0.8104,1.471,-2.1079,0.2413,False
2020-02-10,0.812,1.4639,-2.0955,0.2463,False
2020-02-11,0.813,1.4596,-2.1363,0.2302,False
2020-02-12,0.8138,1.4564,-2.2001,0.2062,False
2020-02-13,0.8146,1.4527,-2.147,0.2261,False
2020-02-14,0.8158,1.4478,-2.1373,0.2298,False
2020-02-18,0.8171,1.442,-2.0886,0.2491,False
2020-02-19,0.8184,1.4364,-2.0755,0.2545,False
2020-02-20,0.8197,1.4306,-2.0943,0.2468,False
2020-02-21,0.821,1.4249,-2.1242,0.2349,False
2020-02-24,0.8216,1.4221,-2.1493,0.2252,False
2020-02-25,0.8227,1.4177,-2.0656,0.2586,False
2020-02-26,0.824,1.4122,-1.9426,0.3123,False
2020-02-27,0.8245,1.4099,-1.9704,0.2997,False
2020-02-28,0.8246,1.4097,-2.0231,0.2765,False
2020-03-02,0.8259,1.4038,-1.9372,0.3147,False
2020-03-03,0.8272,1.3984,-1.8973,0.3333,False
2020-03-04,0.83,1.386,-1.7883,0.3863,False
2020-03-05,0.8323,1.3758,-1.6438,0.4603,False
2020-03-06,0.8338,1.3689,-1.7211,0.4203,False
2020-03-09,0.8333,1.3716,-1.6265,0.4693,False
2020-03-10,0.8345,1.3664,-1.746,0.4076,False
2020-03-11,0.8352,1.3634,-1.7936,0.3837,False
2020-03-12,0.8343,1.3673,-2.0618,0.2601,False
2020-03-13,0.8344,1.367,-1.8785,0.3423,False
2020-03-16,0.8294,1.3898,-1.8619,0.3502,False
2020-03-17,0.8233,1.4174,-1.6122,0.4768,False
2020-03-18,0.8148,1.4561,-1.672,0.4456,False
2020-03-19,0.8094,1.4806,-1.8483,0.3568,False
2020-03-20,0.8045,1.5026,-1.951,0.3084,False
2020-03-23,0.7969,1.537,-1.5536,0.5068,False
2020-03-24,0.791,1.5638,-1.339,0.6111,False
2020-03-25,0.789,1.5731,-1.7886,0.3861,False
2020-03-26,0.7864,1.5853,-1.549,0.5091,False
2020-03-27,0.7842,1.595,-1.922,0.3218,False
2020-03-30,0.7821,1.6047,-1.844,0.3588,False
2020-03-31,0.7802,1.6133,-1.9859,0.2928,False
2020-04-01,0.7772,1.627,-1.9455,0.3109,False
2020-04-02,0.7748,1.6383,-1.9854,0.293,False
2020-04-03,0.7724,1.649,-2.0169,0.2792,False
2020-04-06,0.7708,1.6565,-1.9997,0.2867,False
2020-04-07,0.7691,1.6645,-2.0298,0.2737,False
2020-04-08,0.7681,1.6691,-2.0937,0.2471,False
2020-04-09,0.7667,1.6756,-2.0118,0.2814,False
2020-04-13,0.7653,1.6818,-2.063,0.2597,False
2020-04-14,0.7643,1.6866,-2.0165,0.2794,False
2020-04-15,0.7629,1.6932,-2.021,0.2774,False
2020-04-16,0.7613,1.7007,-1.9276,0.3192,False
2020-04-17,0.7603,1.7055,-1.8625,0.3499,False
2020-04-20,0.7597,1.7081,-1.8613,0.3505,False
2020-04-21,0.7589,1.7117,-1.9223,0.3217,False
2020-04-22,0.7589,1.7121,-1.9227,0.3215,False
2020-04-23,0.7588,1.7127,-1.9617,0.3036,False
2020-04-24,0.7591,1.7113,-1.9069,0.3288,False
2020-04-27,0.7607,1.704,-1.9724,0.2988,False
2020-04-28,0.7635,1.6916,-2.028,0.2744,False
2020-04-29,0.7664,1.6785,-1.775,0.393,False
2020-04-30,0.7697,1.664,-1.7608,0.4001,False
2020-05-01,0.7726,1.6508,-1.7711,0.3949,False
2020-05-04,0.7756,1.6372,-1.7885,0.3862,False
2020-05-05,0.7789,1.6223,-1.8252,0.368,False
2020-05-06,0.7819,1.6089,-1.869,0.3468,False
2020-05-07,0.7851,1.5943,-1.8431,0.3593,False
2020-05-08,0.7889,1.5774,-1.8148,0.3731,False
2020-05-11,0.7931,1.5587,-1.805,0.378,False
2020-05-12,0.7968,1.5417,-1.7821,0.3894,False
2020-05-13,0.8,1.5277,-1.7919,0.3845,False
2020-05-14,0.8039,1.51,-1.6823,0.4403,False
2020-05-15,0.8082,1.4908,-1.7216,0.42,False
2020-05-18,0.8128,1.4701,-1.7153,0.4232,False
2020-05-19,0.8165,1.4534,-1.8907,0.3365,False
2020-05-20,0.8202,1.4365,-1.704,0.429,False
2020-05-21,0.8239,1.42,-2.1849,0.2118,False
2020-05-22,0.8277,1.4028,-2.0143,0.2803,False
2020-05-26,0.8286,1.3988,-2.0495,0.2653,False
2020-05-27,0.8292,1.3962,-2.0764,0.2541,False
2020-05-28,0.8294,1.3956,-2.0967,0.2458,False
2020-05-29,0.8294,1.3954,-2.0925,0.2475,False
2020-06-01,0.8297,1.3943,-2.0588,0.2614,False
2020-06-02,0.8304,1.3912,-2.0574,0.262,False
2020-06-03,0.8308,1.3894,-2.0593,0.2612,False
2020-06-04,0.8319,1.3843,-2.0347,0.2716,False
2020-06-05,0.8336,1.3771,-2.0178,0.2788,False
2020-06-08,0.8355,1.3685,-1.9953,0.2886,False
2020-06-09,0.8377,1.3586,-1.974,0.2981,False
2020-06-10,0.8395,1.3508,-2.0162,0.2795,False
2020-06-11,0.8403,1.3472,-2.066,0.2584,False
2020-06-12,0.8412,1.3432,-2.0724,0.2558,False
2020-06-15,0.8416,1.3411,-2.0902,0.2485,False
2020-06-16,0.8424,1.3374,-2.0899,0.2486,False
2020-06-17,0.8425,1.3372,-2.1106,0.2403,False
2020-06-18,0.8426,1.3364,-2.1062,0.242,False
2020-06-19,0.8425,1.3368,-2.1012,0.244,False
2020-06-22,0.8426,1.3367,-2.1045,0.2427,False
2020-06-23,0.8429,1.3352,-2.0993,0.2448,False
2020-06-24,0.843,1.3345,-2.1047,0.2426,False
2020-06-25,0.8432,1.3335,-2.1027,0.2434,False
2020-06-26,0.8433,1.3331,-2.1028,0.2434,False
2020-06-29,0.8432,1.3335,-2.1046,0.2427,False
2020-06-30,0.8435,1.3324,-2.1123,0.2396,False
2020-07-01,0.8433,1.3331,-2.1095,0.2407,False
2020-07-02,0.8432,1.3334,-2.1057,0.2422,False
2020-07-06,0.8432,1.3334,-2.1087,0.241,False
2020-07-07,0.843,1.3341,-2.1007,0.2442,False
2020-07-08,0.8429,1.3348,-2.1036,0.2431,False
2020-07-09,0.8426,1.3361,-2.0932,0.2473,False
2020-07-10,0.842,1.3387,-2.0903,0.2484,False
2020-07-13,0.8416,1.3405,-2.0965,0.2459,False
2020-07-14,0.8416,1.3402,-2.0984,0.2452,False
2020-07-15,0.8413,1.3415,-2.0965,0.2459,False
2020-07-16,0.8407,1.3443,-2.0937,0.2471,False
2020-07-17,0.8401,1.347,-2.0877,0.2495,False
2020-07-20,0.8395,1.3498,-2.0901,0.2485,False
2020-07-21,0.8389,1.3523,-2.0934,0.2472,False
2020-07-22,0.8379,1.3566,-2.0778,0.2535,False
2020-07-23,0.8373,1.3597,-2.089,0.2489,False
2020-07-24,0.8367,1.3619,-2.0945,0.2467,False
2020-07-27,0.8361,1.3646,-2.0865,0.25,False
2020-07-28,0.8355,1.3673,-2.0805,0.2524,False
2020-07-29,0.8345,1.3718,-2.0666,0.2581,False
2020-07-30,0.8336,1.3761,-2.0707,0.2564,False
2020-07-31,0.8326,1.3804,-2.0679,0.2576,False
2020-08-03,0.8315,1.3854,-2.0601,0.2608,False
2020-08-04,0.8308,1.3883,-2.0733,0.2554,False
2020-08-05,0.83,1.3922,-2.0671,0.258,False
2020-08-06,0.8292,1.3957,-2.0685,0.2574,False
2020-08-07,0.8284,1.3993,-2.0679,0.2576,False
2020-08-10,0.8279,1.4016,-2.0727,0.2556,False
2020-08-11,0.8273,1.4042,-2.0714,0.2562,False
2020-08-12,0.8271,1.4051,-2.0774,0.2537,False
2020-08-13,0.8271,1.405,-2.0821,0.2518,False
2020-08-14,0.8271,1.4052,-2.0699,0.2568,False
2020-08-17,0.8275,1.4035,-2.0688,0.2572,False
2020-08-18,0.8275,1.4034,-2.0721,0.2559,False
2020-08-19,0.8272,1.4049,-2.0709,0.2564,False
2020-08-20,0.8265,1.4078,-2.0658,0.2585,False
2020-08-21,0.8256,1.4117,-2.0709,0.2564,False
2020-08-24,0.8242,1.4184,-2.0779,0.2535,False
2020-08-25,0.8226,1.4254,-2.0478,0.266,False
2020-08-26,0.821,1.4328,-2.0394,0.2696,False
2020-08-27,0.8199,1.4381,-2.0814,0.2521,False
2020-08-28,0.8186,1.4438,-2.0737,0.2552,False
2020-08-31,0.8175,1.4493,-2.0922,0.2477,False
2020-09-01,0.8158,1.4568,-2.0688,0.2572,False
2020-09-02,0.814,1.4649,-2.0211,0.2774,False
2020-09-03,0.8126,1.4717,-2.0028,0.2853,False
2020-09-04,0.8114,1.477,-2.0196,0.278,False
2020-09-08,0.8107,1.4802,-2.043,0.268,False
2020-09-09,0.8099,1.4839,-2.0391,0.2697,False
2020-09-10,0.8089,1.4884,-2.0197,0.278,False
2020-09-11,0.8078,1.4935,-2.0299,0.2736,False
2020-09-14,0.8067,1.4988,-2.03,0.2736,False
2020-09-15,0.8054,1.5046,-2.0541,0.2633,False
2020-09-16,0.8042,1.5103,-2.0551,0.2629,False
2020-09-17,0.8032,1.5145,-2.0756,0.2545,False
2020-09-18,0.8025,1.518,-2.0843,0.2509,False
2020-09-21,0.8016,1.5223,-2.0905,0.2484,False
2020-09-22,0.8005,1.5272,-2.0576,0.2619,False
2020-09-23,0.7992,1.5331,-2.0589,0.2614,False
2020-09-24,0.7978,1.5394,-2.0664,0.2583,False
2020-09-25,0.7966,1.545,-2.0729,0.2556,False
2020-09-28,0.7953,1.5509,-2.0761,0.2542,False
2020-09-29,0.7941,1.5567,-2.0829,0.2514,False
2020-09-30,0.7929,1.5623,-2.0639,0.2593,False
2020-10-01,0.7914,1.5689,-2.0595,0.2611,False
2020-10-02,0.7903,1.5743,-2.0848,0.2507,False
2020-10-05,0.7891,1.5799,-2.1584,0.2217,False
2020-10-06,0.7878,1.5858,-2.1782,0.2143,False
2020-10-07,0.7866,1.5914,-2.1518,0.2242,False
2020-10-08,0.7853,1.5976,-2.1827,0.2126,False
2020-10-09,0.7837,1.6047,-2.1191,0.2369,False
2020-10-12,0.7823,1.6114,-2.1632,0.2199,False
2020-10-13,0.7807,1.6186,-2.1398,0.2288,False
2020-10-14,0.7792,1.6256,-2.1418,0.228,False
2020-10-15,0.7774,1.634,-2.1055,0.2423,False
2020-10-16,0.7755,1.6427,-2.1758,0.2151,False
2020-10-19,0.7734,1.6526,-2.2023,0.2054,False
2020-10-20,0.771,1.6636,-2.2133,0.2015,False
2020-10-21,0.7688,1.6737,-2.2237,0.1977,False
2020-10-22,0.7668,1.6833,-2.2577,0.186,False
2020-10-23,0.7648,1.6925,-2.2508,0.1883,False
2020-10-26,0.7627,1.7023,-2.2339,0.1942,False
2020-10-27,0.7611,1.7098,-2.3276,0.1632,False
2020-10-28,0.7591,1.7192,-2.2339,0.1942,False
2020-10-29,0.7572,1.7277,-2.2362,0.1934,False
2020-10-30,0.7556,1.7354,-2.2805,0.1783,False
2020-11-02,0.754,1.7429,-2.2506,0.1884,False
2020-11-03,0.7526,1.7493,-2.254,0.1872,False
2020-11-04,0.7513,1.7556,-2.2099,0.2027,False
2020-11-05,0.7502,1.7609,-2.2458,0.19,False
2020-11-06,0.749,1.7663,-2.2232,0.1979,False
2020-11-09,0.7484,1.7692,-2.1894,0.2101,False
2020-11-10,0.748,1.7712,-2.1561,0.2226,False
2020-11-11,0.7476,1.7733,-2.2647,0.1836,False
2020-11-12,0.7467,1.7773,-2.2807,0.1783,False
2020-11-13,0.7458,1.7816,-2.2322,0.1948,False
2020-11-16,0.745,1.7858,-2.2571,0.1862,False
2020-11-17,0.7437,1.7918,-2.1363,0.2302,False
2020-11-18,0.7432,1.7941,-2.0725,0.2557,False
2020-11-19,0.7425,1.7977,-2.1542,0.2233,False
2020-11-20,0.7417,1.8015,-2.1652,0.2191,False
2020-11-23,0.7406,1.8068,-2.2166,0.2003,False
2020-11-24,0.7395,1.8122,-2.2214,0.1986,False
2020-11-25,0.7384,1.8175,-2.1517,0.2242,False
2020-11-27,0.7375,1.8217,-2.179,0.214,False
2020-11-30,0.7369,1.8248,-2.104,0.2429,False
2020-12-01,0.7363,1.8278,-2.0534,0.2637,False
2020-12-02,0.7358,1.8302,-2.0772,0.2538,False
2020-12-03,0.7352,1.833,-2.0983,0.2452,False
2020-12-04,0.7344,1.837,-2.1277,0.2335,False
2020-12-07,0.7333,1.8419,-2.1592,0.2214,False
2020-12-08,0.7322,1.8474,-2.1528,0.2238,False
2020-12-09,0.7304,1.8555,-2.1639,0.2196,False
2020-12-10,0.7287,1.8638,-2.2671,0.1828,False
2020-12-11,0.7271,1.8712,-2.3235,0.1645,False
2020-12-14,0.7253,1.8798,-2.3361,0.1606,False
2020-12-15,0.7232,1.8893,-2.3031,0.171,False
2020-12-16,0.7211,1.8992,-2.3689,0.1507,False
2020-12-17,0.7194,1.9075,-2.5054,0.1142,False
2020-12-18,0.7173,1.9173,-2.5928,0.0945,False
2020-12-21,0.7149,1.9285,-2.6216,0.0886,False
2020-12-22,0.7122,1.9413,-2.4462,0.1291,False
2020-12-23,0.7095,1.954,-2.4176,0.1368,False
2020-12-24,0.7075,1.9635,-2.4395,0.1309,False
2020-12-28,0.7056,1.9726,-2.4052,0.1403,False
2020-12-29,0.7036,1.9821,-2.3712,0.15,False
2020-12-30,0.7017,1.9913,-2.4748,0.1217,False
2020-12-31,0.6998,2.0003,-2.4356,0.1319,False
2021-01-04,0.6975,2.0108,-2.3764,0.1485,False
2021-01-05,0.6957,2.0196,-2.4684,0.1234,False
2021-01-06,0.6939,2.0281,-2.3714,0.15,False
2021-01-07,0.692,2.0371,-2.3197,0.1657,False
2021-01-08,0.6903,2.0452,-2.3913,0.1442,False
2021-01-11,0.6886,2.0532,-2.422,0.1356,False
2021-01-12,0.687,2.0608,-2.446,0.1292,False
2021-01-13,0.6852,2.0695,-2.3556,0.1547,False
2021-01-14,0.6828,2.0803,-2.2743,0.1804,False
2021-01-15,0.681,2.0891,-2.3147,0.1673,False
2021-01-19,0.6789,2.0989,-2.2488,0.189,False
2021-01-20,0.677,2.108,-2.2606,0.185,False
2021-01-21,0.6753,2.1158,-2.3095,0.1689,False
2021-01-22,0.6739,2.1225,-2.3469,0.1573,False
2021-01-25,0.6725,2.1292,-2.3418,0.1588,False
2021-01-26,0.6711,2.136,-2.3561,0.1545,False
2021-01-27,0.6696,2.1431,-2.3705,0.1502,False
2021-01-28,0.668,2.1508,-2.3441,0.1581,False
2021-01-29,0.6664,2.1583,-2.3491,0.1566,False
2021-02-01,0.6651,2.1645,-2.3468,0.1573,False
2021-02-02,0.6637,2.1712,-2.351,0.156,False
2021-02-03,0.6623,2.178,-2.3643,0.1521,False
2021-02-04,0.6609,2.1845,-2.3932,0.1437,False
2021-02-05,0.6593,2.192,-2.3829,0.1466,False
2021-02-08,0.6575,2.2007,-2.405,0.1403,False
2021-02-09,0.6556,2.2097,-2.4183,0.1366,False
2021-02-10,0.6538,2.2183,-2.4435,0.1298,False
2021-02-11,0.6521,2.2264,-2.4852,0.1191,False
2021-02-12,0.6504,2.2344,-2.4351,0.1321,False
2021-02-16,0.6488,2.242,-2.4888,0.1182,False
2021-02-17,0.6475,2.2483,-2.5801,0.0972,False
2021-02-18,0.6463,2.2541,-2.6171,0.0895,False
2021-02-19,0.6448,2.2609,-2.6127,0.0904,False
2021-02-22,0.6435,2.2672,-2.6777,0.078,False
2021-02-23,0.6421,2.2742,-2.6586,0.0815,False
2021-02-24,0.6405,2.2815,-2.6881,0.0761,False
2021-02-25,0.639,2.2891,-2.5831,0.0965,False
2021-02-26,0.6373,2.297,-2.7487,0.066,False
2021-03-01,0.6357,2.3048,-2.7554,0.0649,False
2021-03-02,0.634,2.3132,-2.6523,0.0827,False
2021-03-03,0.6323,2.3213,-2.7277,0.0694,False
2021-03-04,0.6306,2.3293,-2.8174,0.0558,False
2021-03-05,0.6288,2.3381,-2.6753,0.0784,False
2021-03-08,0.6268,2.3473,-2.6819,0.0772,False
2021-03-09,0.6249,2.3565,-2.7238,0.07,False
2021-03-10,0.6231,2.3654,-2.7843,0.0605,False
2021-03-11,0.6213,2.374,-2.8268,0.0546,False
2021-03-12,0.6196,2.3822,-3.0033,0.0346,True
2021-03-15,0.6181,2.3897,-3.1146,0.0255,True
2021-03-16,0.6167,2.3965,-3.145,0.0234,True
2021-03-17,0.6153,2.4033,-2.9019,0.0451,True
2021-03-18,0.614,2.4094,-3.076,0.0284,True
2021-03-19,0.613,2.4147,-3.0219,0.0329,True
2021-03-22,0.6119,2.4199,-2.9996,0.0349,True
2021-03-23,0.611,2.4247,-3.049,0.0306,True
2021-03-24,0.6101,2.4288,-3.0546,0.0301,True
2021-03-25,0.6093,2.4329,-3.0375,0.0315,True
2021-03-26,0.6086,2.4368,-3.2056,0.0197,True
2021-03-29,0.6079,2.4403,-3.178,0.0213,True
2021-03-30,0.6073,2.4432,-3.176,0.0214,True
2021-03-31,0.6069,2.4454,-3.1778,0.0213,True
2021-04-01,0.6066,2.4475,-3.2251,0.0186,True
2021-04-05,0.6066,2.4475,-3.3733,0.0119,True
2021-04-06,0.6066,2.4478,-3.4849,0.0084,True
2021-04-07,0.6066,2.4481,-3.4933,0.0082,True
2021-04-08,0.6067,2.4479,-3.6326,0.0052,True
2021-04-09,0.6068,2.4478,-3.6736,0.0045,True
2021-04-12,0.6068,2.4481,-3.7597,0.0033,True
2021-04-13,0.6069,2.448,-3.8121,0.0028,True
2021-04-14,0.6069,2.4482,-3.8958,0.0021,True
2021-04-15,0.607,2.4482,-3.9181,0.0019,True
2021-04-16,0.6071,2.4478,-3.9915,0.0015,True
2021-04-19,0.6074,2.4466,-4.03,0.0013,True
2021-04-20,0.6075,2.4463,-4.2662,0.0005,True
2021-04-21,0.6077,2.4459,-4.3238,0.0004,True
2021-04-22,0.6077,2.446,-4.5554,0.0002,True
2021-04-23,0.6079,2.4454,-4.6575,0.0001,True
2021-04-26,0.608,2.4454,-4.7735,0.0001,True
2021-04-27,0.608,2.4456,-5.019,0.0,True
2021-04-28,0.608,2.4458,-5.2914,0.0,True
2021-04-29,0.6082,2.4451,-4.2844,0.0005,True
2021-04-30,0.6083,2.445,-3.7448,0.0035,True
2021-05-03,0.6086,2.4439,-3.4878,0.0083,True
2021-05-04,0.609,2.4425,-3.2972,0.015,True
2021-05-05,0.6093,2.4415,-3.4517,0.0093,True
2021-05-06,0.6094,2.4411,-3.4957,0.0081,True
2021-05-07,0.6096,2.4408,-3.7224,0.0038,True
2021-05-10,0.6096,2.4407,-3.5622,0.0065,True
2021-05-11,0.6095,2.4419,-3.5055,0.0078,True
2021-05-12,0.6089,2.445,-3.5554,0.0067,True
2021-05-13,0.6085,2.447,-3.4815,0.0085,True
2021-05-14,0.6081,2.4492,-3.4071,0.0107,True
2021-05-17,0.6078,2.4513,-3.4062,0.0107,True
2021-05-18,0.6073,2.4538,-3.4463,0.0095,True
2021-05-19,0.6068,2.4568,-3.3347,0.0134,True
2021-05-20,0.6062,2.4597,-3.4652,0.0089,True
2021-05-21,0.6057,2.4626,-3.4108,0.0106,True
2021-05-24,0.6055,2.4639,-3.3733,0.0119,True
2021-05-25,0.6053,2.465,-3.3208,0.014,True
2021-05-26,0.6051,2.4657,-3.2914,0.0153,True
2021-05-27,0.6049,2.4671,-3.2405,0.0178,True
2021-05-28,0.6046,2.4686,-3.2704,0.0163,True
2021-06-01,0.6043,2.4703,-3.2925,0.0152,True
2021-06-02,0.6039,2.4723,-3.3001,0.0149,True
2021-06-03,0.6037,2.4738,-3.319,0.014,True
2021-06-04,0.6036,2.4744,-3.3202,0.014,True
2021-06-07,0.6034,2.4752,-3.3622,0.0123,True
2021-06-08,0.6033,2.4761,-3.3623,0.0123,True
2021-06-09,0.6031,2.4771,-3.4127,0.0105,True
2021-06-10,0.603,2.4778,-3.573,0.0063,True
2021-06-11,0.6029,2.4782,-3.5524,0.0067,True
2021-06-14,0.6029,2.4784,-3.3837,0.0115,True
2021-06-15,0.6029,2.4782,-3.4172,0.0104,True
2021-06-16,0.603,2.4783,-3.4412,0.0096,True
2021-06-17,0.603,2.478,-3.4452,0.0095,True
2021-06-18,0.6031,2.4776,-3.4384,0.0097,True
2021-06-21,0.6033,2.4767,-3.4012,0.0109,True
2021-06-22,0.6036,2.4756,-3.3434,0.013,True
2021-06-23,0.6037,2.475,-3.3411,0.0131,True
2021-06-24,0.6038,2.4745,-3.3416,0.0131,True
2021-06-25,0.604,2.4737,-3.3193,0.014,True
2021-06-28,0.6042,2.4728,-3.3214,0.014,True
2021-06-29,0.6045,2.4716,-3.2619,0.0167,True
2021-06-30,0.6048,2.4701,-3.2274,0.0185,True
2021-07-01,0.6051,2.4686,-3.2042,0.0197,True
2021-07-02,0.6056,2.4666,-3.172,0.0217,True
2021-07-06,0.6059,2.4655,-3.1969,0.0202,True
2021-07-07,0.6063,2.4636,-3.145,0.0234,True
2021-07-08,0.6065,2.4624,-3.1482,0.0232,True
2021-07-09,0.6069,2.4609,-3.1361,0.024,True
2021-07-12,0.6073,2.4591,-3.1351,0.0241,True
2021-07-13,0.6076,2.4578,-3.1907,0.0205,True
2021-07-14,0.608,2.4559,-3.1414,0.0236,True
2021-07-15,0.6084,2.4539,-3.106,0.0261,True
2021-07-16,0.6088,2.4521,-3.1379,0.0239,True
2021-07-19,0.6092,2.4502,-3.2888,0.0154,True
2021-07-20,0.6098,2.4476,-3.2162,0.0191,True
2021-07-21,0.6103,2.4454,-3.0371,0.0316,True
2021-07-22,0.6108,2.4431,-3.227,0.0185,True
2021-07-23,0.6114,2.44,-3.0118,0.0338,True
2021-07-26,0.6122,2.4365,-2.9591,0.0389,True
2021-07-27,0.6129,2.4332,-2.9484,0.04,True
2021-07-28,0.6136,2.43,-3.022,0.0329,True
2021-07-29,0.6143,2.4267,-2.9302,0.042,True
2021-07-30,0.615,2.4234,-2.8618,0.05,True
2021-08-02,0.6158,2.4196,-2.8207,0.0554,False
2021-08-03,0.6166,2.4156,-2.7782,0.0615,False
2021-08-04,0.6173,2.4126,-2.6953,0.0749,False
2021-08-05,0.6182,2.4086,-2.6204,0.0889,False
2021-08-06,0.6188,2.4054,-2.6717,0.0791,False
2021-08-09,0.6196,2.4019,-2.6582,0.0816,False
2021-08-10,0.6204,2.398,-2.6132,0.0903,False
2021-08-11,0.6214,2.3936,-2.5836,0.0964,False
2021-08-12,0.6223,2.3893,-2.5826,0.0966,False
2021-08-13,0.623,2.386,-2.6153,0.0899,False
2021-08-16,0.6238,2.3823,-2.6087,0.0912,False
2021-08-17,0.6245,2.3793,-2.642,0.0846,False
2021-08-18,0.6249,2.3771,-3.0947,0.0269,True
2021-08-19,0.6256,2.3736,-3.213,0.0192,True
2021-08-20,0.6258,2.3728,-3.2117,0.0193,True
2021-08-23,0.626,2.3719,-3.2096,0.0194,True
2021-08-24,0.6261,2.3713,-3.2033,0.0198,True
2021-08-25,0.6262,2.371,-3.2891,0.0154,True
2021-08-26,0.6262,2.3711,-3.3428,0.0131,True
2021-08-27,0.6262,2.3706,-3.2816,0.0157,True
2021-08-30,0.6265,2.3695,-3.243,0.0176,True
2021-08-31,0.6267,2.3682,-3.1937,0.0204,True
2021-09-01,0.6269,2.3675,-3.1918,0.0205,True
2021-09-02,0.6271,2.3664,-3.1949,0.0203,True
2021-09-03,0.6275,2.3647,-3.1586,0.0225,True
2021-09-07,0.6279,2.3627,-3.1847,0.0209,True
2021-09-08,0.6285,2.3599,-3.0515,0.0304,True
2021-09-09,0.6291,2.3571,-2.589,0.0953,False
2021-09-10,0.6297,2.354,-2.6179,0.0894,False
2021-09-13,0.6304,2.3505,-2.6346,0.0861,False
2021-09-14,0.6312,2.347,-2.668,0.0797,False
2021-09-15,0.6318,2.344,-2.7201,0.0706,False
2021-09-16,0.6324,2.341,-2.7158,0.0713,False
2021-09-17,0.633,2.3381,-2.7079,0.0727,False
2021-09-20,0.6335,2.3358,-2.7431,0.0669,False
2021-09-21,0.634,2.3335,-2.7144,0.0716,False
2021-09-22,0.6345,2.3309,-2.696,0.0747,False
2021-09-23,0.6351,2.3282,-2.7192,0.0708,False
2021-09-24,0.6357,2.325,-2.7551,0.065,False
2021-09-27,0.6365,2.3211,-2.7542,0.0651,False
2021-09-28,0.6373,2.3174,-2.7823,0.0609,False
2021-09-29,0.6382,2.3131,-2.7588,0.0644,False
2021-09-30,0.6389,2.3096,-2.7981,0.0585,False
2021-10-01,0.6396,2.306,-2.8079,0.0572,False
2021-10-04,0.6403,2.3027,-2.872,0.0487,True
2021-10-05,0.641,2.2991,-2.8821,0.0475,True
2021-10-06,0.6416,2.2959,-2.8784,0.0479,True
2021-10-07,0.6425,2.2915,-2.812,0.0566,False
2021-10-08,0.6435,2.2867,-2.7951,0.059,False
2021-10-11,0.6444,2.2821,-2.7973,0.0587,False
2021-10-12,0.6453,2.2777,-2.8012,0.0581,False
2021-10-13,0.6462,2.2736,-2.8975,0.0456,True
2021-10-14,0.647,2.2695,-2.9222,0.0428,True
2021-10-15,0.6479,2.2647,-2.872,0.0487,True
2021-10-18,0.649,2.2595,-2.7941,0.0591,False
2021-10-19,0.6501,2.2539,-2.7969,0.0587,False
2021-10-20,0.6512,2.2486,-2.7706,0.0626,False
2021-10-21,0.6524,2.2428,-2.6605,0.0811,False
2021-10-22,0.6535,2.2372,-2.6799,0.0776,False
2021-10-25,0.6548,2.2311,-2.4543,0.127,False
2021-10-26,0.6559,2.2254,-2.5123,0.1125,False
2021-10-27,0.6573,2.2189,-2.4172,0.1369,False
2021-10-28,0.6586,2.2123,-2.3836,0.1464,False
2021-10-29,0.6598,2.2061,-2.4354,0.132,False
2021-11-01,0.6609,2.201,-2.5954,0.094,False
2021-11-02,0.6619,2.1959,-2.6069,0.0916,False
2021-11-03,0.6629,2.1911,-2.5935,0.0943,False
2021-11-04,0.6638,2.1867,-2.6584,0.0815,False
2021-11-05,0.6646,2.1824,-2.444,0.1297,False
2021-11-08,0.6655,2.1782,-2.2926,0.1744,False
2021-11-09,0.6663,2.174,-2.2394,0.1922,False
2021-11-10,0.6671,2.1703,-2.2614,0.1847,False
2021-11-11,0.6679,2.1664,-2.2682,0.1824,False
2021-11-12,0.6689,2.1616,-2.2589,0.1856,False
2021-11-15,0.6698,2.157,-2.2644,0.1837,False
2021-11-16,0.6711,2.1506,-2.1007,0.2442,False
2021-11-17,0.6725,2.1435,-2.0357,0.2711,False
2021-11-18,0.6739,2.137,-1.9154,0.3249,False
2021-11-19,0.6748,2.1325,-1.8604,0.3509,False
2021-11-22,0.6757,2.1288,-1.9774,0.2965,False
2021-11-23,0.6764,2.1254,-1.9774,0.2966,False
2021-11-24,0.6773,2.1214,-1.9066,0.329,False
2021-11-26,0.678,2.118,-1.9548,0.3067,False
2021-11-29,0.6789,2.1138,-1.9994,0.2868,False
2021-11-30,0.6796,2.1104,-2.0784,0.2533,False
2021-12-01,0.6803,2.1073,-2.0159,0.2797,False
2021-12-02,0.681,2.1042,-1.9778,0.2964,False
2021-12-03,0.6817,2.1008,-1.8196,0.3708,False
2021-12-06,0.6826,2.0969,-1.6304,0.4673,False
2021-12-07,0.6833,2.0936,-1.718,0.4219,False
2021-12-08,0.6839,2.0909,-1.8292,0.3661,False
2021-12-09,0.6845,2.0884,-1.9491,0.3093,False
2021-12-10,0.6849,2.0867,-1.9503,0.3088,False
2021-12-13,0.685,2.0862,-2.0545,0.2632,False
2021-12-14,0.6853,2.0852,-2.0663,0.2583,False
2021-12-15,0.6855,2.0841,-2.1296,0.2328,False
2021-12-16,0.6858,2.0832,-2.1786,0.2141,False
2021-12-17,0.6858,2.0832,-2.3389,0.1597,False
2021-12-20,0.686,2.0826,-2.2702,0.1818,False
2021-12-21,0.6862,2.0817,-2.2806,0.1783,False
2021-12-22,0.6864,2.0808,-2.2473,0.1895,False
2021-12-23,0.6867,2.0796,-2.2035,0.205,False
2021-12-27,0.6871,2.0778,-2.0705,0.2566,False
2021-12-28,0.6875,2.0761,-2.0177,0.2789,False
2021-12-29,0.6878,2.0747,-2.0153,0.2799,False
2021-12-30,0.6882,2.0731,-2.0038,0.2849,False
2021-12-31,0.6887,2.071,-1.8873,0.3381,False
2022-01-03,0.689,2.0695,-1.8301,0.3656,False
2022-01-04,0.6894,2.0679,-1.8366,0.3625,False
2022-01-05,0.6897,2.0666,-1.7894,0.3857,False
2022-01-06,0.6899,2.0657,-1.8817,0.3407,False
2022-01-07,0.69,2.0652,-1.9878,0.292,False
2022-01-10,0.6901,2.065,-2.0206,0.2776,False
2022-01-11,0.6901,2.0654,-2.0786,0.2532,False
2022-01-12,0.6901,2.0655,-2.0432,0.268,False
2022-01-13,0.6901,2.0655,-2.065,0.2588,False
2022-01-14,0.6901,2.0656,-2.1754,0.2153,False
2022-01-18,0.69,2.0659,-2.1988,0.2067,False
2022-01-19,0.6899,2.0663,-2.2471,0.1896,False
2022-01-20,0.6899,2.0667,-2.2484,0.1891,False
2022-01-21,0.6897,2.0674,-2.2557,0.1867,False
2022-01-24,0.6898,2.067,-2.2202,0.199,False
2022-01-25,0.6898,2.067,-2.2223,0.1983,False
2022-01-26,0.6899,2.0667,-2.2373,0.193,False
2022-01-27,0.69,2.0661,-2.2291,0.1959,False
2022-01-28,0.6901,2.0655,-2.215,0.2009,False
2022-01-31,0.6902,2.065,-1.8791,0.342,False
2022-02-01,0.6904,2.0641,-1.882,0.3406,False
2022-02-02,0.6907,2.0626,-1.8458,0.358,False
2022-02-03,0.6909,2.0617,-1.8792,0.3419,False
2022-02-04,0.6911,2.0605,-1.9678,0.3009,False
2022-02-07,0.6913,2.0595,-1.9522,0.3079,False
2022-02-08,0.6916,2.058,-1.8676,0.3475,False
2022-02-09,0.6919,2.0567,-1.9327,0.3169,False
2022-02-10,0.692,2.0562,-1.9749,0.2977,False
2022-02-11,0.6921,2.0558,-2.1293,0.2329,False
2022-02-14,0.6922,2.0549,-2.2552,0.1868,False
2022-02-15,0.6924,2.0538,-2.1913,0.2094,False
2022-02-16,0.6926,2.053,-2.1655,0.219,False
2022-02-17,0.6927,2.0522,-2.1639,0.2196,False
2022-02-18,0.6929,2.0513,-2.0336,0.272,False
2022-02-22,0.6926,2.0528,-2.4824,0.1198,False
2022-02-23,0.6922,2.0541,-2.2923,0.1745,False
2022-02-24,0.6923,2.0534,-2.3615,0.1529,False
2022-02-25,0.6923,2.0534,-2.3957,0.143,False
2022-02-28,0.6919,2.0552,-2.7825,0.0608,False
2022-03-01,0.6918,2.0552,-2.929,0.0421,True
2022-03-02,0.6918,2.0549,-3.0909,0.0272,True
2022-03-03,0.6921,2.0533,-3.1648,0.0221,True
2022-03-04,0.6927,2.0501,-3.1109,0.0258,True
2022-03-07,0.6931,2.0474,-3.0827,0.0279,True
2022-03-08,0.6936,2.0447,-2.91,0.0442,True
2022-03-09,0.6939,2.0429,-2.7641,0.0636,False
2022-03-10,0.6941,2.0416,-2.6215,0.0886,False
2022-03-11,0.6937,2.0432,-2.6902,0.0757,False
2022-03-14,0.6937,2.0432,-2.5168,0.1114,False
2022-03-15,0.6935,2.044,-2.7912,0.0595,False
2022-03-16,0.6943,2.0397,-2.7193,0.0708,False
2022-03-17,0.6948,2.037,-2.7142,0.0716,False
2022-03-18,0.6949,2.0362,-2.7299,0.069,False
2022-03-21,0.6944,2.0385,-2.735,0.0682,False
2022-03-22,0.6954,2.0335,-2.9906,0.0358,True
2022-03-23,0.6971,2.0244,-2.2712,0.1814,False
2022-03-24,0.697,2.0247,-2.3971,0.1426,False
2022-03-25,0.6978,2.0204,-2.3391,0.1597,False
2022-03-28,0.6983,2.0174,-2.495,0.1167,False
2022-03-29,0.6991,2.0132,-2.2647,0.1836,False
2022-03-30,0.6995,2.0114,-2.302,0.1713,False
2022-03-31,0.7,2.0083,-2.2323,0.1947,False
2022-04-01,0.7004,2.0059,-2.2696,0.182,False
2022-04-04,0.7007,2.0046,-2.3545,0.155,False
2022-04-05,0.7012,2.0017,-2.2716,0.1813,False
2022-04-06,0.7015,2.0002,-2.1878,0.2107,False
2022-04-07,0.7014,2.0004,-2.2949,0.1736,False
2022-04-08,0.702,1.997,-2.3399,0.1594,False
2022-04-11,0.7024,1.9952,-2.3397,0.1595,False
2022-04-12,0.703,1.9918,-2.3038,0.1707,False
2022-04-13,0.7035,1.9889,-2.455,0.1268,False
2022-04-14,0.7047,1.9825,-2.5192,0.1109,False
2022-04-18,0.7062,1.9747,-2.4881,0.1184,False
2022-04-19,0.7078,1.9666,-2.4501,0.1281,False
2022-04-20,0.709,1.9598,-2.4826,0.1198,False
2022-04-21,0.7103,1.9529,-2.4187,0.1365,False
2022-04-22,0.7115,1.9467,-2.5186,0.111,False
2022-04-25,0.7132,1.9379,-2.5868,0.0958,False
2022-04-26,0.7149,1.9291,-2.4124,0.1383,False
2022-04-27,0.7163,1.9216,-2.4723,0.1224,False
2022-04-28,0.7177,1.9141,-2.5789,0.0974,False
2022-04-29,0.7193,1.9058,-2.499,0.1157,False
2022-05-02,0.7208,1.898,-2.4874,0.1186,False
2022-05-03,0.7221,1.8909,-2.4759,0.1215,False
2022-05-04,0.7234,1.8842,-2.5417,0.1056,False
2022-05-05,0.7247,1.8773,-2.5523,0.1033,False
2022-05-06,0.7263,1.8689,-2.6039,0.0922,False
2022-05-09,0.7279,1.8601,-2.7252,0.0698,False
2022-05-10,0.7301,1.8485,-2.6925,0.0753,False
2022-05-11,0.7325,1.836,-2.5442,0.1051,False
2022-05-12,0.7348,1.8242,-2.8589,0.0503,False
2022-05-13,0.7377,1.809,-2.9774,0.0371,True
2022-05-16,0.7404,1.7946,-3.0772,0.0283,True
2022-05-17,0.7433,1.7792,-2.8372,0.0531,False
2022-05-18,0.7456,1.7673,-2.7861,0.0603,False
2022-05-19,0.7479,1.7554,-2.6384,0.0853,False
2022-05-20,0.7498,1.7452,-2.6776,0.078,False
2022-05-23,0.7516,1.7359,-2.5764,0.098,False
2022-05-24,0.7532,1.7272,-2.6267,0.0876,False
2022-05-25,0.7546,1.7201,-2.5861,0.0959,False
2022-05-26,0.7556,1.7145,-2.6136,0.0902,False
2022-05-27,0.7566,1.7091,-2.6411,0.0848,False
2022-05-31,0.7578,1.7031,-2.6835,0.0769,False
2022-06-01,0.7591,1.6962,-2.6586,0.0815,False
2022-06-02,0.7602,1.6901,-2.8343,0.0535,False
2022-06-03,0.7619,1.6812,-2.9501,0.0398,True
2022-06-06,0.7638,1.6713,-3.0356,0.0317,True
2022-06-07,0.7659,1.6601,-3.1434,0.0235,True
2022-06-08,0.7684,1.6471,-3.0174,0.0333,True
2022-06-09,0.7706,1.6357,-2.7915,0.0595,False
2022-06-10,0.7725,1.6255,-2.785,0.0605,False
2022-06-13,0.7745,1.6152,-2.6778,0.078,False
2022-06-14,0.7761,1.6067,-2.763,0.0638,False
2022-06-15,0.7779,1.5972,-2.6188,0.0892,False
2022-06-16,0.7792,1.5904,-2.6753,0.0784,False
2022-06-17,0.7806,1.5829,-2.5856,0.096,False
2022-06-21,0.782,1.5758,-2.5892,0.0953,False
2022-06-22,0.7835,1.5679,-2.6022,0.0925,False
2022-06-23,0.7851,1.5593,-2.6657,0.0802,False
2022-06-24,0.7866,1.5513,-2.6554,0.0821,False
2022-06-27,0.7881,1.5433,-2.5972,0.0936,False
2022-06-28,0.7898,1.5341,-2.5579,0.102,False
2022-06-29,0.7913,1.5263,-2.6686,0.0796,False
2022-06-30,0.793,1.5173,-2.639,0.0852,False
2022-07-01,0.7943,1.5104,-2.6765,0.0782,False
2022-07-05,0.7957,1.5035,-2.7296,0.0691,False
2022-07-06,0.7971,1.4959,-2.7208,0.0705,False
2022-07-07,0.7985,1.4887,-2.7475,0.0662,False
2022-07-08,0.7999,1.481,-2.7281,0.0693,False
2022-07-11,0.8013,1.4738,-2.7433,0.0668,False
2022-07-12,0.8026,1.4668,-2.7493,0.0659,False
2022-07-13,0.8041,1.4592,-2.844,0.0523,False
2022-07-14,0.8058,1.4503,-2.8258,0.0547,False
2022-07-15,0.8073,1.4425,-2.783,0.0607,False
2022-07-18,0.8085,1.4358,-2.7866,0.0602,False
2022-07-19,0.8097,1.4294,-2.8126,0.0565,False
2022-07-20,0.811,1.4229,-2.8224,0.0551,False
2022-07-21,0.8122,1.4164,-2.7692,0.0628,False
2022-07-22,0.8131,1.4117,-2.8033,0.0578,False
2022-07-25,0.8142,1.4057,-2.834,0.0536,False
2022-07-26,0.8155,1.3991,-2.8192,0.0556,False
2022-07-27,0.8166,1.3932,-2.818,0.0558,False
2022-07-28,0.8178,1.387,-2.4853,0.1191,False
2022-07-29,0.8187,1.3819,-2.4674,0.1236,False
2022-08-01,0.8198,1.3764,-2.5415,0.1057,False
2022-08-02,0.8208,1.3708,-2.5409,0.1058,False
2022-08-03,0.8217,1.3662,-2.5364,0.1069,False
2022-08-04,0.8228,1.3603,-2.53,0.1083,False
2022-08-05,0.8238,1.355,-2.5762,0.098,False
2022-08-08,0.8248,1.3499,-2.5723,0.0989,False
2022-08-09,0.8258,1.3444,-2.6701,0.0794,False
2022-08-10,0.8269,1.3386,-2.7114,0.0721,False
2022-08-11,0.828,1.333,-2.7412,0.0672,False
2022-08-12,0.8291,1.3271,-2.7977,0.0586,False
2022-08-15,0.8302,1.3208,-2.6957,0.0748,False
2022-08-16,0.8316,1.3134,-2.6898,0.0758,False
2022-08-17,0.8329,1.3069,-2.5583,0.1019,False
2022-08-18,0.8338,1.3015,-2.4664,0.1239,False
2022-08-19,0.8348,1.2963,-2.4392,0.131,False
2022-08-22,0.8354,1.2931,-2.2803,0.1784,False
2022-08-23,0.8358,1.2909,-2.2091,0.203,False
2022-08-24,0.8359,1.2901,-2.2345,0.1939,False
2022-08-25,0.8358,1.2903,-2.1681,0.218,False
2022-08-26,0.836,1.2892,-2.184,0.2121,False
2022-08-29,0.8363,1.2871,-2.0605,0.2607,False
2022-08-30,0.8368,1.2844,-2.0813,0.2521,False
2022-08-31,0.8374,1.281,-2.1054,0.2424,False
2022-09-01,0.8378,1.2791,-2.2304,0.1954,False
2022-09-02,0.838,1.2778,-2.2582,0.1858,False
2022-09-06,0.8385,1.2753,-2.2834,0.1774,False
2022-09-07,0.8389,1.2727,-2.1779,0.2144,False
2022-09-08,0.8397,1.2685,-2.1045,0.2427,False
2022-09-09,0.8401,1.2659,-2.0347,0.2716,False
2022-09-12,0.8403,1.2646,-1.917,0.3241,False
2022-09-13,0.8409,1.2615,-1.7445,0.4083,False
2022-09-14,0.8414,1.2585,-1.748,0.4066,False
2022-09-15,0.842,1.2555,-1.9955,0.2885,False
2022-09-16,0.8425,1.2527,-2.1901,0.2099,False
2022-09-19,0.843,1.2495,-2.2127,0.2017,False
2022-09-20,0.844,1.2444,-1.6556,0.4541,False
2022-09-21,0.8449,1.2394,-1.6347,0.465,False
2022-09-22,0.8456,1.2352,-1.5405,0.5134,False
2022-09-23,0.8462,1.2319,-1.6058,0.4807,False
2022-09-26,0.8469,1.2282,-1.5189,0.5241,False
2022-09-27,0.8476,1.2242,-1.5229,0.5221,False
2022-09-28,0.8479,1.2226,-1.7194,0.4211,False
2022-09-29,0.8484,1.2199,-1.7961,0.3824,False
2022-09-30,0.849,1.2166,-1.8479,0.3569,False
2022-10-03,0.8492,1.2154,-1.8523,0.3548,False
2022-10-04,0.8495,1.2138,-1.9121,0.3264,False
2022-10-05,0.8496,1.2128,-1.8456,0.3581,False
2022-10-06,0.8497,1.2119,-1.8081,0.3764,False
2022-10-07,0.85,1.2102,-1.728,0.4168,False
2022-10-10,0.8503,1.2085,-1.7473,0.4069,False
2022-10-11,0.8504,1.208,-1.6852,0.4388,False
2022-10-12,0.8507,1.2062,-1.6886,0.437,False
2022-10-13,0.851,1.2045,-1.7812,0.3899,False
2022-10-14,0.8514,1.2019,-1.7443,0.4085,False
2022-10-17,0.8515,1.2014,-1.6934,0.4345,False
2022-10-18,0.8515,1.2015,-1.79,0.3854,False
2022-10-19,0.8517,1.1999,-1.8539,0.3541,False
2022-10-20,0.8521,1.1978,-1.8998,0.3321,False
2022-10-21,0.8525,1.1959,-1.9256,0.3201,False
2022-10-24,0.8527,1.1946,-2.3168,0.1666,False
2022-10-25,0.8528,1.194,-2.2915,0.1747,False
2022-10-26,0.8528,1.1938,-2.306,0.1701,False
2022-10-27,0.8532,1.1915,-2.0824,0.2516,False
2022-10-28,0.8534,1.1904,-2.1075,0.2415,False
2022-10-31,0.8538,1.1883,-2.1554,0.2228,False
2022-11-01,0.8544,1.1853,-2.2051,0.2044,False
2022-11-02,0.8551,1.1815,-2.25,0.1886,False
2022-11-03,0.8558,1.1775,-2.38,0.1474,False
2022-11-04,0.8565,1.1739,-2.429,0.1337,False
2022-11-07,0.8572,1.17,-2.4284,0.1339,False
2022-11-08,0.8579,1.1662,-2.3849,0.146,False
2022-11-09,0.86,1.1554,-2.3437,0.1583,False
2022-11-10,0.8619,1.1452,-2.3222,0.1649,False
2022-11-11,0.8635,1.1369,-2.2058,0.2041,False
2022-11-14,0.865,1.129,-2.6787,0.0778,False
2022-11-15,0.8662,1.1224,-2.5816,0.0969,False
2022-11-16,0.8668,1.1189,-2.5055,0.1142,False
2022-11-17,0.8675,1.1152,-2.4409,0.1305,False
2022-11-18,0.8711,1.0959,-2.4507,0.1279,False
2022-11-21,0.8743,1.0795,-2.5548,0.1027,False
2022-11-22,0.8772,1.064,-2.7118,0.072,False
2022-11-23,0.8795,1.0519,-2.742,0.067,False
2022-11-25,0.8819,1.0393,-2.9271,0.0423,True
2022-11-28,0.8843,1.0264,-2.8468,0.0519,False
2022-11-29,0.8871,1.0115,-2.744,0.0667,False
2022-11-30,0.8899,0.9968,-2.7235,0.0701,False
2022-12-01,0.8933,0.979,-2.5683,0.0997,False
2022-12-02,0.8968,0.9607,-2.6104,0.0909,False
2022-12-05,0.9,0.9437,-2.3519,0.1558,False
2022-12-06,0.9033,0.9262,-2.3445,0.158,False
2022-12-07,0.9059,0.9128,-2.3944,0.1433,False
2022-12-08,0.9087,0.898,-2.368,0.151,False
2022-12-09,0.9097,0.8926,-2.3468,0.1573,False
2022-12-12,0.9107,0.8873,-2.3357,0.1607,False
2022-12-13,0.9123,0.879,-2.4261,0.1345,False
2022-12-14,0.9135,0.8728,-2.3997,0.1418,False
2022-12-15,0.9143,0.8688,-2.3901,0.1446,False
2022-12-16,0.9152,0.8637,-2.379,0.1478,False
2022-12-19,0.9166,0.8564,-2.4418,0.1303,False
2022-12-20,0.9177,0.8508,-2.4547,0.1269,False
2022-12-21,0.9186,0.8459,-2.4427,0.1301,False
2022-12-22,0.9194,0.8421,-2.5452,0.1049,False
2022-12-23,0.9206,0.8356,-2.4141,0.1378,False
2022-12-27,0.9219,0.8286,-2.5582,0.102,False
2022-12-28,0.9232,0.8219,-2.4106,0.1388,False
2022-12-29,0.9245,0.8152,-2.4208,0.1359,False
2022-12-30,0.9256,0.8093,-2.5525,0.1032,False
2023-01-03,0.9268,0.803,-2.533,0.1076,False
2023-01-04,0.9279,0.7975,-2.5494,0.1039,False
2023-01-05,0.9291,0.7911,-2.5534,0.103,False
2023-01-06,0.93,0.7861,-2.5248,0.1096,False
2023-01-09,0.9306,0.783,-2.5141,0.1121,False
2023-01-10,0.9314,0.7792,-2.518,0.1112,False
2023-01-11,0.9322,0.7748,-2.5483,0.1042,False
2023-01-12,0.9331,0.7701,-2.5272,0.109,False
2023-01-13,0.9335,0.7678,-2.52,0.1107,False
2023-01-17,0.9332,0.7699,-2.4965,0.1163,False
2023-01-18,0.9334,0.7685,-2.4962,0.1164,False
2023-01-19,0.9334,0.7688,-2.4941,0.1169,False
2023-01-20,0.9331,0.7699,-2.4931,0.1172,False
2023-01-23,0.9335,0.7682,-2.5283,0.1087,False
2023-01-24,0.9343,0.7639,-2.5074,0.1137,False
2023-01-25,0.9349,0.7605,-2.4907,0.1177,False
2023-01-26,0.9354,0.7577,-2.5097,0.1131,False
2023-01-27,0.9362,0.7538,-2.4902,0.1179,False
2023-01-30,0.9364,0.7523,-2.496,0.1164,False
2023-01-31,0.9369,0.7497,-2.5362,0.1069,False
2023-02-01,0.9381,0.7437,-2.4951,0.1167,False
2023-02-02,0.9386,0.7409,-2.4745,0.1218,False
2023-02-03,0.9387,0.7402,-2.4731,0.1222,False
2023-02-06,0.9387,0.7401,-2.4529,0.1274,False
2023-02-07,0.9383,0.7424,-2.4462,0.1291,False
2023-02-08,0.9374,0.7472,-2.4386,0.1311,False
2023-02-09,0.9364,0.7523,-2.4165,0.1371,False
2023-02-10,0.9357,0.7557,-2.4203,0.1361,False
2023-02-13,0.9349,0.7598,-2.4229,0.1354,False
2023-02-14,0.9338,0.7657,-2.3419,0.1588,False
2023-02-15,0.9329,0.7705,-2.3429,0.1585,False
2023-02-16,0.9322,0.774,-2.3671,0.1512,False
2023-02-17,0.9318,0.7762,-2.3473,0.1572,False
2023-02-21,0.9312,0.7788,-2.1842,0.212,False
2023-02-22,0.9311,0.7793,-2.1749,0.2155,False
2023-02-23,0.9306,0.782,-2.2568,0.1863,False
2023-02-24,0.9304,0.7829,-2.2123,0.2018,False
2023-02-27,0.9302,0.7838,-2.0952,0.2464,False
2023-02-28,0.9301,0.784,-2.0425,0.2683,False
2023-03-01,0.9308,0.7805,-2.3291,0.1628,False
2023-03-02,0.9308,0.7805,-2.3452,0.1578,False
2023-03-03,0.9315,0.7765,-2.3301,0.1625,False
2023-03-06,0.9324,0.7718,-2.2557,0.1866,False
2023-03-07,0.9324,0.7719,-2.2142,0.2011,False
2023-03-08,0.9319,0.7741,-2.1485,0.2255,False
2023-03-09,0.9319,0.7739,-2.1262,0.2341,False
2023-03-10,0.932,0.7733,-2.1682,0.218,False
2023-03-13,0.9319,0.7736,-2.1284,0.2332,False
2023-03-14,0.9325,0.7707,-2.1288,0.2331,False
2023-03-15,0.9331,0.7672,-2.1351,0.2306,False
2023-03-16,0.934,0.7625,-2.051,0.2647,False
2023-03-17,0.9349,0.7575,-2.2095,0.2028,False
2023-03-20,0.9362,0.7504,-2.24,0.1921,False
2023-03-21,0.9373,0.7447,-2.2181,0.1997,False
2023-03-22,0.9382,0.7399,-2.2387,0.1925,False
2023-03-23,0.9394,0.7332,-2.3376,0.1601,False
2023-03-24,0.941,0.7248,-2.3084,0.1693,False
2023-03-27,0.9423,0.7177,-2.2344,0.194,False
2023-03-28,0.9433,0.7126,-2.2488,0.189,False
2023-03-29,0.9444,0.7066,-2.2545,0.1871,False
2023-03-30,0.9454,0.701,-2.2771,0.1795,False
2023-03-31,0.9461,0.6974,-2.2753,0.18,False
2023-04-03,0.9465,0.695,-2.259,0.1855,False
2023-04-04,0.9472,0.6912,-2.1963,0.2076,False
2023-04-05,0.948,0.6868,-2.156,0.2226,False
2023-04-06,0.9489,0.6821,-2.1982,0.2069,False
2023-04-10,0.9497,0.6776,-2.1996,0.2064,False
2023-04-11,0.9501,0.6751,-2.1928,0.2089,False
2023-04-12,0.9506,0.6726,-2.1738,0.2159,False
2023-04-13,0.951,0.6704,-2.1307,0.2324,False
2023-04-14,0.9512,0.6693,-2.0947,0.2466,False
2023-04-17,0.951,0.67,-2.0732,0.2554,False
2023-04-18,0.9505,0.6723,-2.0749,0.2547,False
2023-04-19,0.9501,0.6745,-1.9696,0.3001,False
2023-04-20,0.9495,0.6771,-1.9792,0.2957,False
2023-04-21,0.9488,0.6806,-1.9628,0.3031,False
2023-04-24,0.9483,0.6834,-2.0292,0.2739,False
2023-04-25,0.9482,0.6837,-2.0223,0.2769,False
2023-04-26,0.9486,0.6815,-1.9895,0.2912,False
2023-04-27,0.9486,0.6808,-2.0516,0.2644,False
2023-04-28,0.9488,0.6798,-2.1377,0.2296,False
2023-05-01,0.9488,0.6796,-2.0788,0.2531,False
2023-05-02,0.9492,0.6771,-2.1059,0.2421,False
2023-05-03,0.9496,0.6748,-2.1143,0.2388,False
2023-05-04,0.9502,0.6715,-1.9842,0.2936,False
2023-05-05,0.9504,0.67,-1.9042,0.3301,False
2023-05-08,0.9504,0.67,-1.8921,0.3358,False
2023-05-09,0.9498,0.6728,-1.8012,0.3799,False
2023-05-10,0.9494,0.6744,-1.8616,0.3503,False
2023-05-11,0.9494,0.6742,-1.8756,0.3436,False
2023-05-12,0.9499,0.6713,-1.9802,0.2953,False
2023-05-15,0.9504,0.6685,-1.9974,0.2877,False
2023-05-16,0.9513,0.6638,-1.9652,0.3021,False
2023-05-17,0.9517,0.6611,-1.9232,0.3212,False
2023-05-18,0.952,0.6592,-1.9437,0.3118,False
2023-05-19,0.9529,0.6545,-1.8817,0.3407,False
2023-05-22,0.9537,0.6498,-2.0325,0.2725,False
2023-05-23,0.9544,0.6461,-2.0551,0.263,False
2023-05-24,0.9556,0.6392,-2.032,0.2727,False
2023-05-25,0.9569,0.6326,-2.0061,0.2839,False
2023-05-26,0.9575,0.6292,-1.988,0.2919,False
2023-05-30,0.9582,0.6248,-1.9826,0.2943,False
2023-05-31,0.9593,0.6188,-2.0016,0.2859,False
2023-06-01,0.9605,0.6124,-2.0456,0.2669,False
2023-06-02,0.9612,0.6083,-2.0147,0.2802,False
2023-06-05,0.9622,0.6028,-2.0574,0.262,False
2023-06-06,0.9633,0.5968,-2.0925,0.2475,False
2023-06-07,0.964,0.5932,-2.0827,0.2515,False
2023-06-08,0.9645,0.59,-2.0563,0.2624,False
2023-06-09,0.965,0.5872,-2.0736,0.2553,False
2023-06-12,0.9655,0.5842,-2.0044,0.2847,False
2023-06-13,0.9651,0.5862,-1.8341,0.3637,False
2023-06-14,0.9653,0.5851,-1.9316,0.3173,False
2023-06-15,0.9649,0.5866,-1.8143,0.3734,False
2023-06-16,0.9649,0.5865,-1.8293,0.366,False
2023-06-20,0.9651,0.5849,-1.9211,0.3222,False
2023-06-21,0.9655,0.5827,-1.9788,0.2959,False
2023-06-22,0.9659,0.5804,-1.9838,0.2937,False
2023-06-23,0.9661,0.5794,-1.9571,0.3057,False
2023-06-26,0.9662,0.5784,-2.0356,0.2712,False
2023-06-27,0.9656,0.5812,-1.9995,0.2868,False
2023-06-28,0.9646,0.586,-1.8375,0.362,False
2023-06-29,0.9637,0.5908,-1.909,0.3278,False
2023-06-30,0.9624,0.597,-1.8982,0.3329,False
2023-07-03,0.9615,0.6015,-1.9194,0.323,False
2023-07-05,0.9603,0.6075,-1.9352,0.3157,False
2023-07-06,0.9594,0.6118,-1.7851,0.3879,False
2023-07-07,0.9585,0.6164,-1.8393,0.3611,False
2023-07-10,0.9566,0.6262,-1.7724,0.3943,False
2023-07-11,0.9553,0.6327,-1.866,0.3482,False
2023-07-12,0.9534,0.642,-1.8617,0.3503,False
2023-07-13,0.9519,0.6496,-1.8185,0.3713,False
2023-07-14,0.9508,0.6555,-1.9994,0.2868,False
2023-07-17,0.9502,0.6579,-1.9887,0.2915,False
2023-07-18,0.949,0.6642,-1.9017,0.3313,False
2023-07-19,0.9477,0.6708,-1.994,0.2892,False
2023-07-20,0.9468,0.675,-2.0632,0.2596,False
2023-07-21,0.9455,0.6815,-1.9899,0.291,False
2023-07-24,0.9446,0.6862,-2.0563,0.2625,False
2023-07-25,0.9431,0.6936,-2.0225,0.2768,False
2023-07-26,0.9417,0.7006,-2.2058,0.2042,False
2023-07-27,0.9407,0.7057,-2.0933,0.2472,False
2023-07-28,0.9405,0.7062,-2.3699,0.1504,False
2023-07-31,0.941,0.7035,-2.4582,0.126,False
2023-08-01,0.9415,0.7003,-2.6628,0.0807,False
2023-08-02,0.9426,0.6945,-2.7547,0.065,False
2023-08-03,0.9446,0.6835,-2.7801,0.0612,False
2023-08-04,0.9465,0.6733,-2.9142,0.0437,True
2023-08-07,0.9496,0.6567,-2.9665,0.0381,True
2023-08-08,0.9529,0.6389,-2.9275,0.0422,True
2023-08-09,0.9563,0.6208,-3.0116,0.0338,True
2023-08-10,0.9603,0.5994,-3.0344,0.0318,True
2023-08-11,0.9639,0.5806,-3.0139,0.0336,True
2023-08-14,0.966,0.569,-3.2144,0.0192,True
2023-08-15,0.9691,0.5523,-2.1914,0.2094,False
2023-08-16,0.9728,0.5328,-2.1106,0.2403,False
2023-08-17,0.9759,0.5163,-1.996,0.2883,False
2023-08-18,0.9815,0.4863,-2.0789,0.2531,False
2023-08-21,0.9822,0.4823,-2.1031,0.2433,False
2023-08-22,0.9816,0.4851,-2.1013,0.244,False
2023-08-23,0.9806,0.4904,-2.1188,0.237,False
2023-08-24,0.9801,0.4927,-2.1817,0.213,False
2023-08-25,0.9799,0.4939,-2.1026,0.2435,False
2023-08-28,0.9796,0.4954,-2.1333,0.2313,False
2023-08-29,0.979,0.4984,-2.1285,0.2332,False
2023-08-30,0.9781,0.503,-2.1646,0.2193,False
2023-08-31,0.9774,0.5066,-2.1716,0.2167,False
2023-09-01,0.9767,0.5102,-2.1694,0.2175,False
2023-09-05,0.9759,0.5142,-2.1317,0.232,False
2023-09-06,0.9749,0.519,-2.1739,0.2159,False
2023-09-07,0.9736,0.5259,-2.1153,0.2384,False
2023-09-08,0.9728,0.5299,-2.2831,0.1775,False
2023-09-11,0.9721,0.5334,-2.3169,0.1666,False
2023-09-12,0.9716,0.5353,-2.2708,0.1816,False
2023-09-13,0.9713,0.537,-2.3306,0.1623,False
2023-09-14,0.9708,0.5393,-2.3696,0.1505,False
2023-09-15,0.9714,0.536,-2.4177,0.1368,False
2023-09-18,0.9718,0.5336,-2.3818,0.1469,False
2023-09-19,0.9719,0.5331,-2.3295,0.1626,False
2023-09-20,0.972,0.5325,-2.3655,0.1517,False
2023-09-21,0.9726,0.5292,-2.4295,0.1336,False
2023-09-22,0.9731,0.5261,-2.3702,0.1503,False
2023-09-25,0.9733,0.525,-2.3855,0.1459,False
2023-09-26,0.9737,0.5224,-2.457,0.1263,False
2023-09-27,0.9743,0.5192,-2.4704,0.1228,False
2023-09-28,0.9746,0.5174,-2.4994,0.1156,False
2023-09-29,0.9754,0.5132,-2.5099,0.1131,False
2023-10-02,0.9761,0.5093,-2.4733,0.1221,False
2023-10-03,0.9772,0.503,-2.4907,0.1178,False
2023-10-04,0.9783,0.4972,-2.3947,0.1433,False
2023-10-05,0.9792,0.4924,-2.4693,0.1231,False
2023-10-06,0.9801,0.4872,-2.5242,0.1097,False
2023-10-09,0.9811,0.4817,-2.5641,0.1006,False
2023-10-10,0.9818,0.4782,-2.5688,0.0996,False
2023-10-11,0.9826,0.4737,-2.5263,0.1092,False
2023-10-12,0.9831,0.4711,-2.5382,0.1064,False
2023-10-13,0.9834,0.469,-2.4707,0.1228,False
2023-10-16,0.9835,0.4685,-2.4527,0.1274,False
2023-10-17,0.9834,0.4692,-2.5033,0.1147,False
2023-10-18,0.9829,0.4715,-2.5181,0.1111,False
2023-10-19,0.9822,0.4753,-2.517,0.1114,False
2023-10-20,0.9813,0.4797,-2.4595,0.1257,False
2023-10-23,0.9802,0.4853,-2.5049,0.1143,False
2023-10-24,0.9789,0.4922,-2.4951,0.1167,False
2023-10-25,0.9777,0.4985,-2.4311,0.1332,False
2023-10-26,0.9764,0.5055,-2.3815,0.147,False
2023-10-27,0.9751,0.5122,-2.3404,0.1593,False
2023-10-30,0.9737,0.5192,-2.3199,0.1656,False
2023-10-31,0.9725,0.5257,-2.3195,0.1658,False
2023-11-01,0.9712,0.5322,-2.2872,0.1761,False
2023-11-02,0.97,0.5385,-2.2755,0.18,False
2023-11-03,0.9688,0.5447,-2.2944,0.1738,False
2023-11-06,0.9675,0.5513,-2.3547,0.1549,False
2023-11-07,0.9663,0.5579,-2.3643,0.1521,False
2023-11-08,0.9651,0.5641,-2.3545,0.155,False
2023-11-09,0.9639,0.5705,-2.3464,0.1574,False
2023-11-10,0.9626,0.5771,-2.4933,0.1171,False
2023-11-13,0.9615,0.5828,-2.4847,0.1192,False
2023-11-14,0.9603,0.5888,-2.5241,0.1097,False
2023-11-15,0.959,0.5956,-2.732,0.0687,False
2023-11-16,0.9577,0.6025,-2.6012,0.0928,False
2023-11-17,0.9553,0.6152,-2.6402,0.085,False
2023-11-20,0.9526,0.629,-2.8688,0.0491,True
2023-11-21,0.9487,0.6494,-2.6951,0.0749,False
2023-11-22,0.9446,0.6713,-2.6298,0.087,False
2023-11-24,0.9406,0.6924,-2.6791,0.0777,False
2023-11-27,0.9365,0.7135,-2.785,0.0604,False
2023-11-28,0.9321,0.7371,-2.7472,0.0662,False
2023-11-29,0.9282,0.7575,-2.7525,0.0654,False
2023-11-30,0.9237,0.781,-2.7247,0.0699,False
2023-12-01,0.92,0.8004,-2.7825,0.0608,False
2023-12-04,0.9164,0.8193,-2.8112,0.0567,False
2023-12-05,0.9121,0.8418,-2.5575,0.1021,False
2023-12-06,0.9078,0.8641,-2.5089,0.1133,False
2023-12-07,0.9027,0.8911,-2.4918,0.1175,False
2023-12-08,0.8978,0.917,-2.3616,0.1529,False
2023-12-11,0.8934,0.9402,-2.3838,0.1463,False
2023-12-12,0.8892,0.962,-2.4282,0.1339,False
2023-12-13,0.8855,0.9815,-2.2892,0.1755,False
2023-12-14,0.8833,0.9929,-2.5669,0.1,False
2023-12-15,0.8812,1.004,-2.4709,0.1227,False
2023-12-18,0.8786,1.0179,-2.4416,0.1303,False
2023-12-19,0.8767,1.0278,-2.3448,0.1579,False
2023-12-20,0.8756,1.0337,-2.4253,0.1347,False
2023-12-21,0.8741,1.0416,-2.456,0.1266,False
2023-12-22,0.8725,1.0499,-2.4865,0.1188,False
2023-12-26,0.8705,1.0602,-2.488,0.1184,False
2023-12-27,0.8683,1.0719,-2.5773,0.0978,False
2023-12-28,0.8653,1.0877,-2.6713,0.0791,False
2023-12-29,0.8619,1.1055,-2.6833,0.077,False
2024-01-02,0.858,1.1261,-2.4932,0.1171,False
2024-01-03,0.8534,1.1504,-2.6386,0.0853,False
2024-01-04,0.848,1.1788,-2.5097,0.1131,False
2024-01-05,0.8435,1.2025,-2.3663,0.1515,False
2024-01-08,0.8392,1.225,-2.4637,0.1246,False
2024-01-09,0.8351,1.2465,-2.3459,0.1576,False
2024-01-10,0.8325,1.2605,-1.7625,0.3992,False
2024-01-11,0.831,1.2681,-1.6904,0.4361,False
2024-01-12,0.83,1.2734,-1.8339,0.3637,False
2024-01-16,0.8297,1.2754,-1.8226,0.3693,False
2024-01-17,0.8286,1.281,-1.7361,0.4126,False
2024-01-18,0.8282,1.2836,-1.5192,0.524,False
2024-01-19,0.8296,1.2761,-1.4146,0.5752,False
2024-01-22,0.8308,1.2697,-1.6268,0.4692,False
2024-01-23,0.8318,1.2646,-1.678,0.4425,False
2024-01-24,0.8326,1.2609,-1.4737,0.5465,False
2024-01-25,0.8337,1.2549,-1.5654,0.5009,False
2024-01-26,0.8341,1.2531,-1.3154,0.6221,False
2024-01-29,0.8349,1.2492,-1.2924,0.6326,False
2024-01-30,0.8362,1.2426,-0.9701,0.764,False
2024-01-31,0.837,1.2382,-1.3329,0.614,False
2024-02-01,0.8384,1.231,-1.5537,0.5068,False
2024-02-02,0.8397,1.2244,-1.6266,0.4693,False
2024-02-05,0.8406,1.2199,-1.6915,0.4355,False
2024-02-06,0.841,1.2178,-1.6022,0.4825,False
2024-02-07,0.8429,1.208,-1.5657,0.5008,False
2024-02-08,0.8451,1.1965,-1.4569,0.5547,False
2024-02-09,0.8474,1.1842,-1.54,0.5136,False
2024-02-12,0.8498,1.1718,-1.837,0.3622,False
2024-02-13,0.8512,1.1647,-1.8728,0.345,False
2024-02-14,0.8531,1.1546,-1.8646,0.3489,False
2024-02-15,0.8556,1.1413,-1.8556,0.3532,False
2024-02-16,0.8583,1.1275,-1.7482,0.4065,False
2024-02-20,0.8609,1.1136,-1.6628,0.4504,False
2024-02-21,0.8639,1.0981,-1.7373,0.412,False
2024-02-22,0.8677,1.0782,-1.6425,0.4609,False
2024-02-23,0.8715,1.0585,-1.5138,0.5266,False
2024-02-26,0.8762,1.0338,-1.5853,0.491,False
2024-02-27,0.8814,1.0066,-1.5174,0.5249,False
2024-02-28,0.8862,0.9816,-1.6643,0.4496,False
2024-02-29,0.8916,0.9533,-1.7326,0.4144,False
2024-03-01,0.8973,0.9236,-1.7181,0.4218,False
2024-03-04,0.9023,0.8974,-1.7832,0.3888,False
2024-03-05,0.9078,0.8691,-1.8034,0.3788,False
2024-03-06,0.9131,0.8415,-1.7494,0.4059,False
2024-03-07,0.9177,0.8175,-1.789,0.3859,False
2024-03-08,0.9214,0.7978,-2.0077,0.2832,False
2024-03-11,0.9255,0.7766,-2.0594,0.2611,False
2024-03-12,0.9299,0.7537,-2.0032,0.2852,False
2024-03-13,0.9338,0.7332,-2.008,0.2831,False
2024-03-14,0.9373,0.7151,-2.1147,0.2386,False
2024-03-15,0.941,0.696,-2.0549,0.263,False
2024-03-18,0.9446,0.6771,-2.0209,0.2775,False
2024-03-19,0.9484,0.6575,-1.9989,0.2871,False
2024-03-20,0.9521,0.6378,-1.978,0.2963,False
2024-03-21,0.9555,0.6201,-2.0179,0.2788,False
2024-03-22,0.9581,0.6068,-2.0513,0.2645,False
2024-03-25,0.9605,0.5942,-2.1019,0.2438,False
2024-03-26,0.9625,0.5837,-2.0861,0.2502,False
2024-03-27,0.9648,0.5714,-2.0053,0.2843,False
2024-03-28,0.966,0.5652,-2.0152,0.2799,False
2024-04-01,0.9659,0.5659,-2.1061,0.2421,False
2024-04-02,0.9664,0.5632,-2.0332,0.2722,False
2024-04-03,0.9667,0.5617,-2.0187,0.2784,False
2024-04-04,0.967,0.5603,-1.9954,0.2886,False
2024-04-05,0.9672,0.5595,-1.996,0.2883,False
2024-04-08,0.9674,0.5586,-2.0066,0.2837,False
2024-04-09,0.9671,0.5601,-2.0121,0.2813,False
2024-04-10,0.9667,0.5624,-2.002,0.2857,False
2024-04-11,0.9663,0.5645,-1.9891,0.2914,False
2024-04-12,0.966,0.5657,-1.9925,0.2899,False
2024-04-15,0.9656,0.568,-1.9854,0.293,False
2024-04-16,0.9651,0.5706,-1.9756,0.2974,False
2024-04-17,0.9644,0.5741,-1.9574,0.3056,False
2024-04-18,0.9638,0.5774,-1.9575,0.3055,False
2024-04-19,0.9631,0.5808,-1.96,0.3044,False
2024-04-22,0.9624,0.5845,-1.9546,0.3068,False
2024-04-23,0.9614,0.5897,-1.9347,0.3159,False
2024-04-24,0.9604,0.5951,-1.9163,0.3244,False
2024-04-25,0.9594,0.6003,-1.9073,0.3286,False
2024-04-26,0.9587,0.6039,-1.9465,0.3105,False
2024-04-29,0.9578,0.6085,-1.9403,0.3134,False
2024-04-30,0.9572,0.6115,-1.9489,0.3094,False
2024-05-01,0.9566,0.6147,-1.9358,0.3154,False
2024-05-02,0.956,0.6179,-1.9413,0.3129,False
2024-05-03,0.9557,0.6197,-1.9654,0.302,False
2024-05-06,0.9554,0.6214,-1.9631,0.303,False
2024-05-07,0.955,0.6233,-1.9581,0.3052,False
2024-05-08,0.9544,0.6263,-1.9433,0.312,False
2024-05-09,0.9541,0.6277,-1.9586,0.305,False
2024-05-10,0.9537,0.6299,-1.9606,0.3041,False
2024-05-13,0.9531,0.6333,-1.9531,0.3075,False
2024-05-14,0.9523,0.6372,-1.9566,0.3059,False
2024-05-15,0.9519,0.6395,-1.9579,0.3053,False
2024-05-16,0.9517,0.6406,-1.9548,0.3068,False
2024-05-17,0.9517,0.6406,-1.9748,0.2977,False
2024-05-20,0.9518,0.6399,-1.9658,0.3018,False
2024-05-21,0.9525,0.6363,-1.9577,0.3054,False
2024-05-22,0.9527,0.6352,-1.9759,0.2972,False
2024-05-23,0.9535,0.6311,-1.9485,0.3096,False
2024-05-24,0.9539,0.629,-1.9685,0.3006,False
2024-05-28,0.9549,0.6233,-1.9505,0.3087,False
2024-05-29,0.9558,0.6187,-1.9512,0.3084,False
2024-05-30,0.9566,0.6146,-1.9177,0.3238,False
2024-05-31,0.9573,0.611,-1.9544,0.3069,False
2024-06-03,0.958,0.6073,-1.9734,0.2983,False
2024-06-04,0.9589,0.6022,-1.9968,0.288,False
2024-06-05,0.9599,0.5973,-2.0206,0.2776,False
2024-06-06,0.9609,0.5916,-1.9658,0.3018,False
2024-06-07,0.9616,0.5879,-1.9748,0.2977,False
2024-06-10,0.9625,0.5832,-1.9548,0.3067,False
2024-06-11,0.9637,0.5771,-1.9205,0.3225,False
2024-06-12,0.9649,0.5705,-1.9552,0.3066,False
2024-06-13,0.9667,0.5613,-1.9672,0.3011,False
2024-06-14,0.969,0.5491,-1.9231,0.3213,False
2024-06-17,0.9715,0.5356,-1.9619,0.3035,False
2024-06-18,0.9742,0.5214,-2.0191,0.2783,False
2024-06-20,0.9784,0.4995,-1.9395,0.3137,False
2024-06-21,0.9818,0.4814,-1.9124,0.3262,False
2024-06-24,0.9846,0.4665,-1.9633,0.3029,False
2024-06-25,0.9867,0.4553,-1.9378,0.3145,False
2024-06-26,0.9894,0.4414,-1.8862,0.3386,False
2024-06-27,0.9913,0.4314,-1.8971,0.3334,False
2024-06-28,0.9929,0.4228,-1.8894,0.337,False
2024-07-01,0.9949,0.4124,-1.8623,0.35,False
2024-07-02,0.9971,0.4005,-1.9412,0.313,False
2024-07-03,1.0,0.3852,-1.9753,0.2975,False
2024-07-05,1.003,0.3697,-1.9979,0.2875,False
2024-07-08,1.0061,0.3531,-2.0355,0.2712,False
2024-07-09,1.0095,0.3352,-2.0487,0.2657,False
2024-07-10,1.0128,0.3176,-2.0505,0.2649,False
2024-07-11,1.0163,0.2992,-2.1885,0.2104,False
2024-07-12,1.0204,0.277,-2.1475,0.2258,False
2024-07-15,1.0242,0.2572,-2.1403,0.2286,False
2024-07-16,1.0278,0.2379,-2.2323,0.1947,False
2024-07-17,1.0317,0.217,-2.2319,0.1949,False
2024-07-18,1.0352,0.1984,-2.2319,0.1949,False
2024-07-19,1.0384,0.1815,-2.2585,0.1857,False
2024-07-22,1.041,0.1677,-2.2588,0.1856,False
2024-07-23,1.0432,0.1562,-2.2405,0.1919,False
2024-07-24,1.0449,0.1471,-2.2184,0.1996,False
2024-07-25,1.0461,0.1405,-2.2416,0.1915,False
2024-07-26,1.0474,0.1333,-2.2906,0.175,False
2024-07-29,1.0496,0.1218,-2.2698,0.1819,False
2024-07-30,1.0514,0.1121,-2.2643,0.1837,False
2024-07-31,1.0528,0.1046,-2.2724,0.181,False
2024-08-01,1.0538,0.099,-2.2826,0.1776,False
2024-08-02,1.0546,0.0949,-2.3906,0.1444,False
2024-08-05,1.0566,0.0842,-2.235,0.1938,False
2024-08-06,1.0569,0.0824,-2.1911,0.2095,False
2024-08-07,1.0574,0.0796,-2.205,0.2044,False
2024-08-08,1.0575,0.0788,-2.1687,0.2178,False
2024-08-09,1.0575,0.0789,-2.2286,0.196,False
2024-08-12,1.0586,0.0727,-2.197,0.2073,False
2024-08-13,1.0587,0.0721,-2.1673,0.2183,False
2024-08-14,1.059,0.0706,-2.1613,0.2206,False
2024-08-15,1.0591,0.0703,-2.1509,0.2245,False
2024-08-16,1.059,0.0706,-2.1581,0.2218,False
2024-08-19,1.0587,0.0722,-2.1402,0.2287,False
2024-08-20,1.0593,0.069,-2.1498,0.225,False
2024-08-21,1.0599,0.0658,-2.1484,0.2255,False
2024-08-22,1.0603,0.0634,-2.1506,0.2246,False
2024-08-23,1.06,0.0654,-2.17,0.2173,False
2024-08-26,1.0592,0.0694,-2.1666,0.2186,False
2024-08-27,1.0588,0.0718,-2.1924,0.209,False
2024-08-28,1.0582,0.075,-2.1521,0.2241,False
2024-08-29,1.0576,0.0783,-2.1639,0.2196,False
2024-08-30,1.0566,0.0832,-2.1373,0.2298,False
2024-09-03,1.056,0.0865,-2.1312,0.2322,False
2024-09-04,1.0556,0.0889,-2.1279,0.2334,False
2024-09-05,1.0553,0.0903,-2.1238,0.2351,False
2024-09-06,1.0548,0.0929,-2.1191,0.2369,False
2024-09-09,1.0549,0.0922,-2.1301,0.2326,False
2024-09-10,1.0547,0.0934,-2.144,0.2272,False
2024-09-11,1.0544,0.0953,-2.163,0.2199,False
2024-09-12,1.0535,0.0999,-2.2027,0.2053,False
2024-09-13,1.0525,0.1052,-2.2087,0.2031,False
2024-09-16,1.0509,0.1139,-2.2039,0.2048,False
2024-09-17,1.0494,0.122,-2.2606,0.185,False
2024-09-18,1.0476,0.1318,-2.1919,0.2092,False
2024-09-19,1.0461,0.1395,-2.2005,0.2061,False
2024-09-20,1.0449,0.146,-2.1872,0.2109,False
2024-09-23,1.0434,0.154,-2.1783,0.2142,False
2024-09-24,1.0423,0.1602,-2.2174,0.2,False
2024-09-25,1.0406,0.1695,-2.184,0.2121,False
2024-09-26,1.0389,0.1782,-2.2061,0.204,False
2024-09-27,1.0371,0.1882,-2.2145,0.201,False
2024-09-30,1.0352,0.1981,-2.1519,0.2242,False
2024-10-01,1.0343,0.2031,-2.1204,0.2364,False
2024-10-02,1.034,0.2048,-2.1001,0.2445,False
2024-10-03,1.0342,0.2038,-2.1046,0.2427,False
2024-10-04,1.0344,0.2028,-2.0965,0.2459,False
2024-10-07,1.0345,0.2021,-2.1286,0.2332,False
2024-10-08,1.0344,0.2029,-2.1472,0.226,False
2024-10-09,1.0337,0.207,-2.1884,0.2105,False
2024-10-10,1.0326,0.2124,-2.1611,0.2207,False
2024-10-11,1.0314,0.2189,-2.1919,0.2092,False
2024-10-14,1.0295,0.2292,-2.157,0.2222,False
2024-10-15,1.0275,0.2402,-2.0972,0.2457,False
2024-10-16,1.0257,0.2495,-2.0953,0.2464,False
2024-10-17,1.0241,0.2583,-2.1376,0.2297,False
2024-10-18,1.0221,0.2687,-2.0778,0.2535,False
2024-10-21,1.0205,0.2775,-2.0279,0.2745,False
2024-10-22,1.0196,0.2822,-2.0345,0.2717,False
2024-10-23,1.019,0.2851,-2.0299,0.2736,False
2024-10-24,1.0186,0.2876,-2.0341,0.2718,False
2024-10-25,1.0183,0.2891,-2.0421,0.2684,False
2024-10-28,1.0182,0.2899,-2.0459,0.2668,False
2024-10-29,1.018,0.2907,-2.0435,0.2678,False
2024-10-30,1.0179,0.2911,-2.0438,0.2677,False
2024-10-31,1.0179,0.2912,-2.0398,0.2694,False
2024-11-01,1.018,0.2905,-2.0484,0.2658,False
2024-11-04,1.0182,0.2895,-2.0889,0.249,False
2024-11-05,1.0189,0.2857,-2.1215,0.236,False
2024-11-06,1.0202,0.2789,-2.1039,0.2429,False
2024-11-07,1.0216,0.2714,-2.1086,0.2411,False
2024-11-08,1.0226,0.2657,-2.0838,0.2511,False
2024-11-11,1.023,0.2635,-2.0622,0.26,False
2024-11-12,1.0235,0.2608,-2.0472,0.2663,False
2024-11-13,1.0238,0.2591,-2.0392,0.2696,False
2024-11-14,1.0238,0.2595,-2.0421,0.2684,False
2024-11-15,1.024,0.2583,-2.0455,0.267,False
2024-11-18,1.024,0.258,-2.0979,0.2454,False
2024-11-19,1.0252,0.2518,-1.9416,0.3127,False
2024-11-20,1.0255,0.2504,-2.1008,0.2442,False
2024-11-21,1.0264,0.2456,-2.0508,0.2648,False
2024-11-22,1.0284,0.2353,-1.937,0.3149,False
2024-11-25,1.0298,0.2275,-2.0725,0.2557,False
2024-11-26,1.0316,0.2183,-2.0773,0.2537,False
2024-11-27,1.0336,0.2074,-2.0226,0.2767,False
2024-11-29,1.0357,0.1961,-1.9836,0.2938,False
2024-12-02,1.0376,0.1859,-2.0189,0.2784,False
2024-12-03,1.0395,0.176,-2.0339,0.2719,False
2024-12-04,1.0414,0.1661,-2.0213,0.2773,False
2024-12-05,1.0434,0.1554,-2.044,0.2676,False
2024-12-06,1.0458,0.1423,-2.1303,0.2325,False
2024-12-09,1.0484,0.1286,-2.0883,0.2492,False
2024-12-10,1.0503,0.1183,-2.245,0.1903,False
2024-12-11,1.053,0.1037,-2.2117,0.202,False
2024-12-12,1.0556,0.0896,-2.2676,0.1826,False
2024-12-13,1.0585,0.0742,-2.0813,0.2521,False
2024-12-16,1.0605,0.0632,-2.111,0.2401,False
2024-12-17,1.0625,0.0525,-2.1098,0.2406,False
2024-12-18,1.0644,0.0426,-2.1158,0.2382,False
2024-12-19,1.0661,0.0336,-2.0999,0.2446,False
2024-12-20,1.068,0.0231,-2.0944,0.2468,False
2024-12-23,1.0702,0.0116,-2.1323,0.2317,False
2024-12-24,1.0724,-0.0004,-2.2154,0.2007,False
2024-12-26,1.075,-0.0142,-2.17,0.2173,False
2024-12-27,1.0772,-0.0261,-2.212,0.2019,False
2024-12-30,1.0794,-0.0381,-2.2086,0.2031,False
2024-12-31,1.0816,-0.0499,-2.2487,0.1891,False
2025-01-02,1.0838,-0.0615,-2.2872,0.1761,False
2025-01-03,1.0861,-0.0738,-2.3355,0.1608,False
2025-01-06,1.0884,-0.0861,-2.3664,0.1514,False
2025-01-07,1.0904,-0.0974,-2.2947,0.1737,False
2025-01-08,1.0925,-0.1082,-2.3128,0.1679,False
2025-01-10,1.0947,-0.1202,-2.3849,0.1461,False
2025-01-13,1.0971,-0.1333,-2.4099,0.139,False
2025-01-14,1.0994,-0.1459,-2.3249,0.1641,False
2025-01-15,1.1015,-0.157,-2.2441,0.1906,False
2025-01-16,1.1034,-0.1674,-2.2199,0.1991,False
2025-01-17,1.105,-0.1759,-2.2923,0.1745,False
2025-01-21,1.107,-0.1866,-2.2255,0.1971,False
2025-01-22,1.1088,-0.1964,-2.0584,0.2616,False
2025-01-23,1.1107,-0.2066,-2.0774,0.2537,False
2025-01-24,1.1125,-0.2159,-2.2335,0.1943,False
2025-01-27,1.1142,-0.2255,-2.2219,0.1984,False
2025-01-28,1.1158,-0.2339,-2.1357,0.2304,False
2025-01-29,1.1173,-0.2419,-2.1768,0.2148,False
2025-01-30,1.119,-0.251,-2.1916,0.2093,False
2025-01-31,1.121,-0.2617,-2.1345,0.2309,False
2025-02-03,1.123,-0.2725,-2.0276,0.2746,False
2025-02-04,1.1248,-0.2823,-1.9837,0.2938,False
2025-02-05,1.1263,-0.2903,-2.1335,0.2313,False
2025-02-06,1.1277,-0.2978,-1.9364,0.3151,False
2025-02-07,1.1292,-0.3056,-1.8836,0.3398,False
2025-02-10,1.1307,-0.3134,-1.906,0.3292,False
2025-02-11,1.1321,-0.3213,-1.8927,0.3355,False
2025-02-12,1.1335,-0.3283,-1.8379,0.3618,False
2025-02-13,1.135,-0.3367,-1.8111,0.375,False
2025-02-14,1.1365,-0.3447,-1.8252,0.368,False
2025-02-18,1.1376,-0.3505,-1.9105,0.3272,False
2025-02-19,1.1384,-0.3545,-1.9197,0.3229,False
2025-02-20,1.1391,-0.3584,-1.9273,0.3193,False
2025-02-21,1.1398,-0.3619,-1.8672,0.3476,False
2025-02-24,1.1404,-0.3648,-1.9992,0.2869,False
2025-02-25,1.1409,-0.3673,-1.8011,0.3799,False
2025-02-26,1.1411,-0.3682,-2.0149,0.2801,False
2025-02-27,1.1416,-0.3709,-2.0106,0.2819,False
2025-02-28,1.1421,-0.3736,-2.0222,0.2769,False
2025-03-03,1.1421,-0.3734,-1.9311,0.3176,False
2025-03-04,1.1419,-0.3722,-1.8725,0.3451,False
2025-03-05,1.1428,-0.377,-1.8742,0.3443,False
2025-03-06,1.1436,-0.3812,-1.9458,0.3108,False
2025-03-07,1.144,-0.3833,-1.992,0.2901,False
2025-03-10,1.1441,-0.3835,-2.0226,0.2767,False
2025-03-11,1.1441,-0.3836,-1.9309,0.3177,False
2025-03-12,1.1438,-0.3816,-1.8515,0.3552,False
2025-03-13,1.1431,-0.3782,-1.9366,0.315,False
2025-03-14,1.1428,-0.376,-1.9237,0.321,False
2025-03-17,1.1423,-0.3735,-1.92,0.3227,False
2025-03-18,1.1417,-0.3703,-1.9331,0.3166,False
2025-03-19,1.1412,-0.3675,-1.899,0.3325,False
2025-03-20,1.1405,-0.3633,-1.867,0.3477,False
2025-03-21,1.1402,-0.3618,-1.9522,0.3079,False
2025-03-24,1.1403,-0.3621,-1.9219,0.3218,False
2025-03-25,1.1404,-0.3623,-1.9107,0.3271,False
2025-03-26,1.1407,-0.3638,-1.9255,0.3202,False
2025-03-27,1.1415,-0.3686,-1.8996,0.3323,False
2025-03-28,1.1423,-0.3725,-1.8707,0.346,False
2025-03-31,1.1427,-0.3747,-1.8713,0.3457,False
2025-04-01,1.1431,-0.3769,-1.9069,0.3288,False
2025-04-02,1.1436,-0.3794,-1.8626,0.3498,False
2025-04-03,1.1436,-0.3794,-1.7333,0.414,False
2025-04-04,1.1434,-0.3781,-1.7887,0.3861,False
2025-04-07,1.1425,-0.3732,-1.8153,0.3729,False
2025-04-08,1.1412,-0.3656,-1.7352,0.4131,False
2025-04-09,1.1403,-0.3609,-1.7359,0.4127,False
2025-04-10,1.1394,-0.356,-1.6926,0.4349,False
2025-04-11,1.1385,-0.351,-1.651,0.4565,False
2025-04-14,1.1379,-0.3475,-1.7347,0.4133,False
2025-04-15,1.1369,-0.342,-1.6677,0.4478,False
2025-04-16,1.1354,-0.3334,-1.6033,0.4819,False
2025-04-17,1.134,-0.3259,-1.5976,0.4848,False
2025-04-21,1.132,-0.3148,-1.5508,0.5083,False
2025-04-22,1.1306,-0.3068,-1.6573,0.4532,False
2025-04-23,1.1288,-0.2971,-1.6123,0.4768,False
2025-04-24,1.1275,-0.2896,-1.6975,0.4324,False
2025-04-25,1.1261,-0.2817,-1.6784,0.4423,False
2025-04-28,1.1248,-0.2745,-1.7019,0.4301,False
2025-04-29,1.1235,-0.2675,-1.7465,0.4073,False
2025-04-30,1.1221,-0.2594,-1.7066,0.4277,False
2025-05-01,1.1207,-0.2515,-1.7628,0.3991,False
2025-05-02,1.1197,-0.2463,-1.8193,0.3709,False
2025-05-05,1.1184,-0.2391,-1.8115,0.3748,False
2025-05-06,1.1169,-0.2305,-1.857,0.3525,False
2025-05-07,1.1153,-0.2216,-1.8342,0.3636,False
2025-05-08,1.1132,-0.2103,-1.7972,0.3819,False
2025-05-09,1.1111,-0.1986,-1.8136,0.3737,False
2025-05-12,1.1096,-0.19,-1.8565,0.3528,False
2025-05-13,1.1079,-0.1809,-1.8418,0.3599,False
2025-05-14,1.1062,-0.1713,-1.7011,0.4306,False
2025-05-15,1.1047,-0.1626,-1.6976,0.4323,False
2025-05-16,1.1035,-0.1559,-1.7823,0.3893,False
2025-05-19,1.1022,-0.1488,-1.8885,0.3375,False
2025-05-20,1.1003,-0.1385,-1.8398,0.3609,False
2025-05-21,1.0985,-0.1281,-1.8161,0.3725,False
2025-05-22,1.0965,-0.1169,-1.5638,0.5018,False
2025-05-23,1.094,-0.1034,-1.4994,0.5338,False
2025-05-27,1.0921,-0.093,-1.6275,0.4688,False
2025-05-28,1.0902,-0.0825,-1.6379,0.4634,False
2025-05-29,1.0883,-0.0714,-1.7156,0.4231,False
2025-05-30,1.0861,-0.0595,-1.7387,0.4113,False
2025-06-02,1.084,-0.0478,-1.7386,0.4113,False
2025-06-03,1.0821,-0.0373,-1.7383,0.4115,False
2025-06-04,1.0798,-0.0247,-1.7809,0.39,False
2025-06-05,1.0777,-0.0132,-1.7254,0.4181,False
2025-06-06,1.0757,-0.002,-1.609,0.4791,False
2025-06-09,1.0735,0.0102,-1.5942,0.4865,False
2025-06-10,1.0716,0.0207,-1.5703,0.4985,False
2025-06-11,1.0697,0.0315,-1.6562,0.4538,False
2025-06-12,1.0679,0.0416,-1.7606,0.4002,False
2025-06-13,1.0653,0.0558,-1.7448,0.4082,False
2025-06-16,1.0626,0.0705,-1.8618,0.3503,False
2025-06-17,1.0594,0.0884,-1.762,0.3995,False
2025-06-18,1.056,0.1069,-1.6347,0.465,False
2025-06-20,1.053,0.1235,-1.6043,0.4814,False
2025-06-23,1.0504,0.1377,-1.6974,0.4324,False
2025-06-24,1.048,0.1512,-1.7854,0.3877,False
2025-06-25,1.0456,0.1647,-1.8222,0.3695,False
2025-06-26,1.0432,0.1779,-1.7027,0.4297,False
2025-06-27,1.0409,0.1906,-1.7509,0.4051,False
2025-06-30,1.0389,0.2017,-1.9532,0.3075,False
2025-07-01,1.0378,0.208,-2.0906,0.2483,False
2025-07-02,1.0362,0.2169,-2.0221,0.277,False
2025-07-03,1.0348,0.225,-2.1301,0.2326,False
2025-07-07,1.0334,0.233,-2.2597,0.1853,False
2025-07-08,1.0318,0.2422,-2.2404,0.1919,False
2025-07-09,1.0304,0.2502,-2.3914,0.1442,False
2025-07-10,1.0285,0.2605,-2.3144,0.1674,False
2025-07-11,1.0264,0.2722,-2.2414,0.1916,False
2025-07-14,1.0249,0.2807,-2.1209,0.2362,False
2025-07-15,1.0229,0.2924,-1.932,0.3172,False
2025-07-16,1.0214,0.3008,-2.0161,0.2796,False
2025-07-17,1.0198,0.3097,-2.1842,0.212,False
2025-07-18,1.0183,0.3182,-2.1788,0.214,False
2025-07-21,1.0168,0.3266,-2.179,0.214,False
2025-07-22,1.0159,0.3317,-2.4013,0.1414,False
2025-07-23,1.0154,0.335,-2.2187,0.1995,False
2025-07-24,1.0146,0.3395,-2.2495,0.1888,False
2025-07-25,1.0142,0.342,-2.0441,0.2676,False
2025-07-28,1.0141,0.3431,-2.18,0.2136,False
2025-07-29,1.0141,0.3437,-2.1311,0.2322,False
2025-07-30,1.0139,0.3449,-2.0198,0.2779,False
2025-07-31,1.0136,0.347,-1.9294,0.3183,False
2025-08-01,1.0134,0.348,-1.8644,0.349,False
2025-08-04,1.0136,0.3472,-1.7881,0.3864,False
2025-08-05,1.0138,0.3464,-1.7531,0.404,False
2025-08-06,1.0138,0.3466,-1.6742,0.4444,False
2025-08-07,1.0137,0.3474,-1.631,0.4669,False
2025-08-08,1.0135,0.349,-1.6153,0.4752,False
2025-08-11,1.0133,0.35,-1.5976,0.4848,False
2025-08-12,1.0134,0.3501,-1.648,0.4581,False
2025-08-13,1.0134,0.3501,-1.8609,0.3507,False
2025-08-14,1.0132,0.3509,-1.7914,0.3848,False
2025-08-15,1.0131,0.3516,-1.7172,0.4223,False
2025-08-18,1.0128,0.3535,-1.7185,0.4216,False
2025-08-19,1.0129,0.3532,-1.7219,0.4199,False
2025-08-20,1.0126,0.355,-1.7888,0.386,False
2025-08-21,1.012,0.3582,-2.0889,0.249,False
2025-08-22,1.0116,0.3605,-2.1527,0.2239,False
2025-08-25,1.0113,0.3623,-2.0936,0.2471,False
2025-08-26,1.0109,0.3646,-2.087,0.2498,False
2025-08-27,1.0106,0.3663,-1.957,0.3057,False
2025-08-28,1.0102,0.3691,-2.0078,0.2832,False
2025-08-29,1.0096,0.3723,-2.1056,0.2423,False
2025-09-02,1.0091,0.3754,-2.1631,0.2199,False
2025-09-03,1.0086,0.3782,-2.2014,0.2057,False
2025-09-04,1.0084,0.3796,-2.308,0.1694,False
2025-09-05,1.0081,0.3814,-2.3652,0.1518,False
2025-09-08,1.0076,0.3842,-2.5458,0.1047,False
2025-09-09,1.007,0.3874,-2.4206,0.136,False
2025-09-10,1.0065,0.3904,-2.484,0.1194,False
2025-09-11,1.0064,0.3912,-2.4912,0.1176,False
2025-09-12,1.0061,0.3929,-2.425,0.1348,False
2025-09-15,1.0058,0.3946,-2.3946,0.1433,False
2025-09-16,1.0055,0.3966,-2.0786,0.2532,False
2025-09-17,1.005,0.3995,-2.0785,0.2532,False
2025-09-18,1.0048,0.4009,-2.1517,0.2243,False
2025-09-19,1.0042,0.4043,-2.1657,0.2189,False
2025-09-22,1.0036,0.4078,-2.0752,0.2546,False
2025-09-23,1.0028,0.4122,-2.1036,0.2431,False
2025-09-24,1.0019,0.4172,-2.1684,0.2179,False
2025-09-25,1.0009,0.423,-2.1108,0.2402,False
2025-09-26,0.9998,0.4291,-2.0512,0.2646,False
2025-09-29,0.9987,0.4354,-1.9878,0.2919,False
2025-09-30,0.9974,0.4425,-2.0145,0.2802,False
2025-10-01,0.9959,0.4506,-2.0404,0.2691,False
2025-10-02,0.9945,0.4587,-2.0629,0.2597,False
2025-10-03,0.9929,0.4675,-1.9973,0.2877,False
2025-10-06,0.9911,0.4775,-2.0105,0.282,False
2025-10-07,0.9888,0.49,-1.9504,0.3087,False
2025-10-08,0.9866,0.5025,-1.9105,0.3272,False
2025-10-09,0.984,0.5166,-1.9018,0.3312,False
2025-10-10,0.9815,0.5305,-1.9426,0.3123,False
2025-10-13,0.9792,0.5431,-1.7982,0.3814,False
2025-10-14,0.9774,0.5534,-1.8002,0.3803,False
2025-10-15,0.9753,0.565,-1.7468,0.4072,False
2025-10-16,0.9732,0.5762,-1.8478,0.357,False
2025-10-17,0.9713,0.587,-1.7929,0.384,False
2025-10-20,0.9696,0.5962,-1.7587,0.4011,False
2025-10-21,0.9677,0.6066,-1.8066,0.3772,False
2025-10-22,0.9656,0.6181,-1.7803,0.3903,False
2025-10-23,0.9633,0.6307,-1.8534,0.3543,False
2025-10-24,0.961,0.6436,-1.8909,0.3363,False
2025-10-27,0.9587,0.6562,-1.9707,0.2995,False
2025-10-28,0.9562,0.6697,-1.9924,0.2899,False
2025-10-29,0.9531,0.6869,-2.037,0.2706,False
2025-10-30,0.9495,0.7064,-2.0952,0.2465,False
2025-10-31,0.9458,0.7271,-2.0597,0.261,False
2025-11-03,0.9419,0.748,-1.9026,0.3308,False
2025-11-04,0.9382,0.7688,-1.8605,0.3508,False
2025-11-05,0.9343,0.7897,-1.9129,0.326,False
2025-11-06,0.9313,0.8063,-1.9438,0.3117,False
2025-11-07,0.9283,0.8228,-1.9368,0.3149,False
2025-11-10,0.9252,0.84,-2.0304,0.2734,False
2025-11-11,0.9219,0.8577,-2.1306,0.2324,False
2025-11-12,0.9188,0.8749,-2.2977,0.1727,False
2025-11-13,0.9147,0.8977,-2.1508,0.2246,False
2025-11-14,0.9102,0.9219,-2.1184,0.2372,False
2025-11-17,0.905,0.9506,-2.044,0.2676,False
2025-11-18,0.9019,0.9673,-2.141,0.2283,False
2025-11-19,0.8992,0.9822,-2.1322,0.2318,False
2025-11-20,0.8965,0.9968,-2.0926,0.2475,False
2025-11-21,0.8932,1.0149,-2.2199,0.1991,False
2025-11-24,0.8903,1.0306,-2.0354,0.2713,False
2025-11-25,0.8872,1.0475,-2.0232,0.2765,False
2025-11-26,0.8845,1.0623,-2.0036,0.285,False
2025-11-28,0.8818,1.0768,-2.0281,0.2744,False
2025-12-01,0.8785,1.095,-1.8525,0.3547,False
2025-12-02,0.8758,1.1094,-1.8782,0.3424,False
2025-12-03,0.8727,1.1262,-1.7816,0.3896,False
2025-12-04,0.8702,1.1395,-1.6659,0.4487,False
2025-12-05,0.8675,1.1542,-1.6915,0.4355,False
2025-12-08,0.8652,1.1668,-1.6596,0.4521,False
2025-12-09,0.8632,1.1775,-1.5901,0.4886,False
2025-12-10,0.8608,1.1905,-1.6402,0.4621,False
2025-12-11,0.8585,1.2031,-1.7729,0.394,False
2025-12-12,0.8565,1.2138,-1.8159,0.3726,False
2025-12-15,0.8553,1.2202,-1.684,0.4394,False
2025-12-16,0.854,1.2271,-1.6298,0.4676,False
2025-12-17,0.8528,1.2333,-1.7077,0.4271,False
2025-12-18,0.8512,1.2422,-1.6445,0.4599,False
2025-12-19,0.8504,1.2463,-1.6063,0.4804,False
2025-12-22,0.8493,1.2521,-1.5834,0.4919,False
2025-12-23,0.8482,1.2583,-1.5162,0.5255,False
2025-12-24,0.847,1.2645,-1.5719,0.4977,False
2025-12-26,0.8456,1.2721,-1.5888,0.4892,False
2025-12-29,0.8442,1.2795,-1.5246,0.5213,False
2025-12-30,0.843,1.2861,-1.5133,0.5269,False
2025-12-31,0.8419,1.2919,-1.5236,0.5218,False
2026-01-02,0.8398,1.303,-1.3269,0.6168,False
2026-01-05,0.838,1.3127,-1.3302,0.6152,False
2026-01-06,0.8365,1.321,-1.4531,0.5566,False
2026-01-07,0.835,1.329,-1.4124,0.5763,False
2026-01-08,0.8327,1.3413,-1.4096,0.5777,False
2026-01-09,0.8298,1.3567,-1.4851,0.5409,False
2026-01-12,0.8259,1.3781,-1.3511,0.6055,False
2026-01-13,0.8215,1.4016,-1.407,0.5789,False
2026-01-14,0.8172,1.425,-1.2458,0.6536,False
2026-01-15,0.8128,1.4487,-1.296,0.631,False
2026-01-16,0.8087,1.4711,-1.325,0.6177,False
2026-01-20,0.8063,1.484,-1.5174,0.5249,False
2026-01-21,0.8029,1.5024,-1.4934,0.5368,False
2026-01-22,0.7998,1.5189,-1.4881,0.5394,False
2026-01-23,0.7969,1.5346,-1.4374,0.5642,False
2026-01-26,0.7935,1.5527,-1.484,0.5414,False
2026-01-27,0.7904,1.5693,-1.4475,0.5593,False
2026-01-28,0.7882,1.5814,-1.4648,0.5508,False
2026-01-29,0.7864,1.591,-1.5131,0.527,False
2026-01-30,0.7855,1.5956,-1.5988,0.4842,False
2026-02-02,0.7848,1.5995,-1.6,0.4836,False
2026-02-03,0.7826,1.6111,-1.478,0.5444,False
2026-02-04,0.7809,1.6202,-1.5947,0.4862,False
2026-02-05,0.7782,1.6349,-1.4832,0.5418,False
2026-02-06,0.7749,1.6528,-1.458,0.5542,False
2026-02-09,0.7714,1.6716,-1.3954,0.5845,False
2026-02-10,0.7674,1.693,-1.4344,0.5657,False
2026-02-11,0.7632,1.716,-1.429,0.5683,False
2026-02-12,0.7597,1.7347,-1.4323,0.5667,False
2026-02-13,0.7556,1.7569,-1.3492,0.6064,False
2026-02-17,0.7512,1.7809,-1.3063,0.6263,False
2026-02-18,0.7465,1.8064,-1.3026,0.628,False
2026-02-19,0.7421,1.8305,-1.2798,0.6384,False
2026-02-20,0.7378,1.8536,-1.3346,0.6132,False
2026-02-23,0.7345,1.8715,-1.3695,0.5968,False
2026-02-24,0.7315,1.888,-1.4624,0.552,False
2026-02-25,0.7302,1.8949,-1.6483,0.4579,False
2026-02-26,0.729,1.9017,-1.6017,0.4828,False
2026-02-27,0.728,1.9068,-1.7102,0.4259,False
2026-03-02,0.7274,1.9102,-1.6738,0.4446,False
2026-03-03,0.7263,1.9159,-1.5855,0.4909,False
2026-03-04,0.7251,1.9223,-1.6155,0.4751,False
2026-03-05,0.724,1.9282,-1.5415,0.5129,False
2026-03-06,0.723,1.9335,-1.5165,0.5254,False
2026-03-09,0.7221,1.9386,-1.4464,0.5599,False
2026-03-10,0.7211,1.9434,-1.5216,0.5228,False
2026-03-11,0.7205,1.9466,-1.466,0.5503,False
2026-03-12,0.7206,1.9463,-1.4035,0.5806,False
2026-03-13,0.7207,1.9456,-1.4631,0.5517,False
2026-03-16,0.7203,1.9473,-1.4296,0.568,False
2026-03-17,0.7203,1.9475,-1.4652,0.5507,False
2026-03-18,0.7211,1.9431,-1.3062,0.6263,False
2026-03-19,0.722,1.9378,-1.2626,0.6461,False
2026-03-20,0.7236,1.9289,-1.1751,0.6842,False
2026-03-23,0.7241,1.9263,-1.1744,0.6845,False
2026-03-24,0.7246,1.9232,-1.1649,0.6885,False
2026-03-25,0.7249,1.9211,-1.1591,0.691,False
2026-03-26,0.7254,1.9186,-1.022,0.7451,False
2026-03-27,0.7266,1.9116,-0.9773,0.7614,False
2026-03-30,0.7276,1.9062,-0.9386,0.775,False
2026-03-31,0.728,1.9038,-1.0175,0.7468,False
2026-04-01,0.7284,1.9014,-1.0971,0.7162,False
2026-04-02,0.7296,1.8948,-0.9852,0.7586,False
2026-04-06,0.7301,1.8917,-0.9911,0.7565,False
2026-04-07,0.731,1.8866,-0.7992,0.8193,False
2026-04-08,0.7301,1.8915,-1.0156,0.7475,False
2026-04-09,0.7286,1.8998,-0.9948,0.7551,False
2026-04-10,0.7275,1.9054,-1.0777,0.7239,False
2026-04-13,0.7263,1.9118,-1.1649,0.6885,False
2026-04-14,0.7251,1.9187,-1.2027,0.6724,False
2026-04-15,0.7238,1.9257,-1.2465,0.6533,False
2026-04-16,0.7225,1.9329,-1.3075,0.6257,False
2026-04-17,0.7199,1.9466,-1.4443,0.5609,False
2026-04-20,0.7169,1.9632,-1.5335,0.5169,False
2026-04-21,0.7136,1.9814,-1.3923,0.586,False
2026-04-22,0.7106,1.9974,-1.3649,0.599,False
2026-04-23,0.7075,2.0145,-1.3541,0.6041,False
2026-04-24,0.7048,2.0292,-1.2968,0.6306,False
2026-04-27,0.7024,2.0423,-1.3122,0.6236,False
2026-04-28,0.7007,2.0519,-1.2947,0.6316,False
2026-04-29,0.6993,2.0592,-1.1989,0.6741,False
2026-04-30,0.6971,2.0712,-1.3802,0.5917,False
2026-05-01,0.6959,2.0778,-1.3747,0.5943,False
2026-05-04,0.6964,2.0751,-1.1744,0.6845,False
2026-05-05,0.6963,2.0758,-1.1905,0.6777,False
2026-05-06,0.6947,2.0841,-1.0419,0.7377,False
2026-05-07,0.6938,2.0889,-1.2787,0.6389,False
2026-05-08,0.6939,2.0883,-1.0035,0.752,False
2026-05-11,0.6946,2.0843,-1.0289,0.7426,False
2026-05-12,0.6955,2.0797,-1.1139,0.7095,False
2026-05-13,0.6973,2.0698,-0.7941,0.8208,False
2026-05-14,0.6991,2.0593,-0.7216,0.8411,False
2026-05-15,0.7022,2.0427,-0.6868,0.8502,False
2026-05-18,0.7046,2.0292,-0.8132,0.8152,False
2026-05-19,0.7067,2.0178,-0.8492,0.8042,False
2026-05-20,0.7084,2.0084,-1.1496,0.6949,False
2026-05-21,0.7095,2.0021,-1.3564,0.603,False
2026-05-22,0.7108,1.9948,-1.4965,0.5352,False
2026-05-26,0.7119,1.9887,-1.4433,0.5614,False
2026-05-27,0.7121,1.9876,-1.542,0.5126,False
2026-05-28,0.7116,1.9908,-1.5926,0.4873,False
2026-05-29,0.711,1.9939,-1.5711,0.4981,False
2026-06-01,0.7108,1.9948,-1.511,0.5281,False
2026-06-02,0.711,1.994,-1.5843,0.4915,False
2026-06-03,0.7107,1.9957,-1.5105,0.5283,False
2026-06-04,0.7111,1.9931,-1.5079,0.5296,False
2026-06-05,0.712,1.9884,-1.4843,0.5412,False
2026-06-08,0.7123,1.9868,-1.5182,0.5245,False
